SampleID,Region_L1,Region_L2,Pop_L3,Species,Habitat_new,Lat,Lon,distance_to_coast_km,Bio1,Bio2,Bio3,Bio4,Bio5,Bio6,Bio7,Bio8,Bio9,Bio10,Bio11,Bio12,Bio13,Bio14,Bio15,Bio16,Bio17,Bio18,Bio19
MIcon-MIY-MIY06S02,Izu islands,MIY,MIY6,Miscanthus sinensis var. condensatus,Island,34.11375,139.49025,2.04859738304414,17.1458339691162,6.35833311080933,27.0567359924316,618.372009277344,28.7000007629395,5.19999980926514,23.5,19.8333339691162,9.73333358764648,24.8666667938232,9.63333320617676,2743,326,134,28.6987686157227,870,431,732,530
MIcon-MIY-MIY06S03,Izu islands,MIY,MIY6,Miscanthus sinensis var. condensatus,Island,34.11375,139.49025,2.04859738304414,17.1458339691162,6.35833311080933,27.0567359924316,618.372009277344,28.7000007629395,5.19999980926514,23.5,19.8333339691162,9.73333358764648,24.8666667938232,9.63333320617676,2743,326,134,28.6987686157227,870,431,732,530
MIcon-MIY-MIY06S04,Izu islands,MIY,MIY6,Miscanthus sinensis var. condensatus,Island,34.11375,139.49025,2.04859738304414,17.1458339691162,6.35833311080933,27.0567359924316,618.372009277344,28.7000007629395,5.19999980926514,23.5,19.8333339691162,9.73333358764648,24.8666667938232,9.63333320617676,2743,326,134,28.6987686157227,870,431,732,530
MIcon-MIY-MIY06S05,Izu islands,MIY,MIY6,Miscanthus sinensis var. condensatus,Island,34.11375,139.49025,2.04859738304414,17.1458339691162,6.35833311080933,27.0567359924316,618.372009277344,28.7000007629395,5.19999980926514,23.5,19.8333339691162,9.73333358764648,24.8666667938232,9.63333320617676,2743,326,134,28.6987686157227,870,431,732,530
MIcon-MIY-MIY06S06,Izu islands,MIY,MIY6,Miscanthus sinensis var. condensatus,Island,34.11375,139.49025,2.04859738304414,17.1458339691162,6.35833311080933,27.0567359924316,618.372009277344,28.7000007629395,5.19999980926514,23.5,19.8333339691162,9.73333358764648,24.8666667938232,9.63333320617676,2743,326,134,28.6987686157227,870,431,732,530
MIcon-MIY-MIY03S01,Izu islands,MIY,MIY3,Miscanthus sinensis var. condensatus,Island,34.10081667,139.491133,0.883546146680593,16.9041662216187,6.41666650772095,27.2467384338379,617.749481201172,28.5,4.94999980926514,23.5499992370605,21.2916669845581,9.49166679382324,24.6166667938232,9.39166688919067,2726.5,323,131,29.2341432571411,865.5,421,738,519.5
MIcon-MIY-MIY03S02,Izu islands,MIY,MIY3,Miscanthus sinensis var. condensatus,Island,34.10081667,139.491133,0.883546146680593,16.9041662216187,6.41666650772095,27.2467384338379,617.749481201172,28.5,4.94999980926514,23.5499992370605,21.2916669845581,9.49166679382324,24.6166667938232,9.39166688919067,2726.5,323,131,29.2341432571411,865.5,421,738,519.5
MIcon-MIY-MIY03S03,Izu islands,MIY,MIY3,Miscanthus sinensis var. condensatus,Island,34.10081667,139.491133,0.883546146680593,16.9041662216187,6.41666650772095,27.2467384338379,617.749481201172,28.5,4.94999980926514,23.5499992370605,21.2916669845581,9.49166679382324,24.6166667938232,9.39166688919067,2726.5,323,131,29.2341432571411,865.5,421,738,519.5
MIcon-MIY-MIY03S04,Izu islands,MIY,MIY3,Miscanthus sinensis var. condensatus,Island,34.10081667,139.491133,0.883546146680593,16.9041662216187,6.41666650772095,27.2467384338379,617.749481201172,28.5,4.94999980926514,23.5499992370605,21.2916669845581,9.49166679382324,24.6166667938232,9.39166688919067,2726.5,323,131,29.2341432571411,865.5,421,738,519.5
MIcon-MIY-MIY03S05,Izu islands,MIY,MIY3,Miscanthus sinensis var. condensatus,Island,34.10081667,139.491133,0.883546146680593,16.9041662216187,6.41666650772095,27.2467384338379,617.749481201172,28.5,4.94999980926514,23.5499992370605,21.2916669845581,9.49166679382324,24.6166667938232,9.39166688919067,2726.5,323,131,29.2341432571411,865.5,421,738,519.5
MIcon-MIY-MIY03S06,Izu islands,MIY,MIY3,Miscanthus sinensis var. condensatus,Island,34.10081667,139.491133,0.883546146680593,16.9041662216187,6.41666650772095,27.2467384338379,617.749481201172,28.5,4.94999980926514,23.5499992370605,21.2916669845581,9.49166679382324,24.6166667938232,9.39166688919067,2726.5,323,131,29.2341432571411,865.5,421,738,519.5
MIcon-HJ-HJ2S03,Izu islands,HJ,HJ2,Miscanthus sinensis var. condensatus,Island,33.12682,139.81492,0.372965970010108,19.4500007629395,5.16666650772095,25.9631481170654,528.621704101562,29.3999996185303,9.5,19.8999996185303,22.1666679382324,13.25,26.1166667938232,12.9666662216187,2577,330,134,30.930082321167,827,415,638,481
MIcon-HJ-HJ1S01,Izu islands,HJ,HJ1,Miscanthus sinensis var. condensatus,Island,33.10393,139.75867,0.206747106524562,19.0416660308838,5.25,25.4854373931885,551.526123046875,29.2999992370605,8.69999980926514,20.5999984741211,21.783332824707,12.4666662216187,25.9499988555908,12.283332824707,2575,327,135,30.7386035919189,821,417,634,482
MIcon-HJ-HJ1S02,Izu islands,HJ,HJ1,Miscanthus sinensis var. condensatus,Island,33.10393,139.75867,0.206747106524562,19.0416660308838,5.25,25.4854373931885,551.526123046875,29.2999992370605,8.69999980926514,20.5999984741211,21.783332824707,12.4666662216187,25.9499988555908,12.283332824707,2575,327,135,30.7386035919189,821,417,634,482
MIcon-HJ-HJ1S03,Izu islands,HJ,HJ1,Miscanthus sinensis var. condensatus,Island,33.10393,139.75867,0.206747106524562,19.0416660308838,5.25,25.4854373931885,551.526123046875,29.2999992370605,8.69999980926514,20.5999984741211,21.783332824707,12.4666662216187,25.9499988555908,12.283332824707,2575,327,135,30.7386035919189,821,417,634,482
MIcon-HJ-HJ1S06,Izu islands,HJ,HJ1,Miscanthus sinensis var. condensatus,Island,33.10393,139.75867,0.206747106524562,19.0416660308838,5.25,25.4854373931885,551.526123046875,29.2999992370605,8.69999980926514,20.5999984741211,21.783332824707,12.4666662216187,25.9499988555908,12.283332824707,2575,327,135,30.7386035919189,821,417,634,482
MIcon-HJ-HJ1S08,Izu islands,HJ,HJ1,Miscanthus sinensis var. condensatus,Island,33.10393,139.75867,0.206747106524562,19.0416660308838,5.25,25.4854373931885,551.526123046875,29.2999992370605,8.69999980926514,20.5999984741211,21.783332824707,12.4666662216187,25.9499988555908,12.283332824707,2575,327,135,30.7386035919189,821,417,634,482
MIcon-HJ-HJ2S06,Izu islands,HJ,HJ2,Miscanthus sinensis var. condensatus,Island,33.12682,139.81492,0.372965970010108,19.4500007629395,5.16666650772095,25.9631481170654,528.621704101562,29.3999996185303,9.5,19.8999996185303,22.1666679382324,13.25,26.1166667938232,12.9666662216187,2577,330,134,30.930082321167,827,415,638,481
MIcon-HJ-HJ2S07,Izu islands,HJ,HJ2,Miscanthus sinensis var. condensatus,Island,33.12682,139.81492,0.372965970010108,19.4500007629395,5.16666650772095,25.9631481170654,528.621704101562,29.3999996185303,9.5,19.8999996185303,22.1666679382324,13.25,26.1166667938232,12.9666662216187,2577,330,134,30.930082321167,827,415,638,481
MIcon-HJ-HJ2S08,Izu islands,HJ,HJ2,Miscanthus sinensis var. condensatus,Island,33.12682,139.81492,0.372965970010108,19.4500007629395,5.16666650772095,25.9631481170654,528.621704101562,29.3999996185303,9.5,19.8999996185303,22.1666679382324,13.25,26.1166667938232,12.9666662216187,2577,330,134,30.930082321167,827,415,638,481
MIcon-HJ-HJ3S01,Izu islands,HJ,HJ3,Miscanthus sinensis var. condensatus,Island,33.0921,139.81224,3.36432622157036,17.1166664759318,5.49999984105428,26.6350310643514,542.765838623047,27.3000001907349,6.64999993642171,20.6500002543132,22.6638892491659,10.7694444656372,23.9444443384806,10.4277776082357,2668.16666666667,333.333333333333,130.166666666667,31.7187643051147,850.166666666667,405.833333333333,705,475.333333333333
MIcon-HJ-HJ3S02,Izu islands,HJ,HJ3,Miscanthus sinensis var. condensatus,Island,33.0921,139.81224,3.36432622157036,17.1166664759318,5.49999984105428,26.6350310643514,542.765838623047,27.3000001907349,6.64999993642171,20.6500002543132,22.6638892491659,10.7694444656372,23.9444443384806,10.4277776082357,2668.16666666667,333.333333333333,130.166666666667,31.7187643051147,850.166666666667,405.833333333333,705,475.333333333333
MIcon-HJ-HJ3S03,Izu islands,HJ,HJ3,Miscanthus sinensis var. condensatus,Island,33.0921,139.81224,3.36432622157036,17.1166664759318,5.49999984105428,26.6350310643514,542.765838623047,27.3000001907349,6.64999993642171,20.6500002543132,22.6638892491659,10.7694444656372,23.9444443384806,10.4277776082357,2668.16666666667,333.333333333333,130.166666666667,31.7187643051147,850.166666666667,405.833333333333,705,475.333333333333
MIcon-HJ-HJ3S04,Izu islands,HJ,HJ3,Miscanthus sinensis var. condensatus,Island,33.0921,139.81224,3.36432622157036,17.1166664759318,5.49999984105428,26.6350310643514,542.765838623047,27.3000001907349,6.64999993642171,20.6500002543132,22.6638892491659,10.7694444656372,23.9444443384806,10.4277776082357,2668.16666666667,333.333333333333,130.166666666667,31.7187643051147,850.166666666667,405.833333333333,705,475.333333333333
MIcon-HJ-HJ3S05,Izu islands,HJ,HJ3,Miscanthus sinensis var. condensatus,Island,33.0921,139.81224,3.36432622157036,17.1166664759318,5.49999984105428,26.6350310643514,542.765838623047,27.3000001907349,6.64999993642171,20.6500002543132,22.6638892491659,10.7694444656372,23.9444443384806,10.4277776082357,2668.16666666667,333.333333333333,130.166666666667,31.7187643051147,850.166666666667,405.833333333333,705,475.333333333333
MIcon-HJ-HJ3S06,Izu islands,HJ,HJ3,Miscanthus sinensis var. condensatus,Island,33.0921,139.81224,3.36432622157036,17.1166664759318,5.49999984105428,26.6350310643514,542.765838623047,27.3000001907349,6.64999993642171,20.6500002543132,22.6638892491659,10.7694444656372,23.9444443384806,10.4277776082357,2668.16666666667,333.333333333333,130.166666666667,31.7187643051147,850.166666666667,405.833333333333,705,475.333333333333
MIcon-HJ-HJ3S07,Izu islands,HJ,HJ3,Miscanthus sinensis var. condensatus,Island,33.0921,139.81224,3.36432622157036,17.1166664759318,5.49999984105428,26.6350310643514,542.765838623047,27.3000001907349,6.64999993642171,20.6500002543132,22.6638892491659,10.7694444656372,23.9444443384806,10.4277776082357,2668.16666666667,333.333333333333,130.166666666667,31.7187643051147,850.166666666667,405.833333333333,705,475.333333333333
MIcon-HJ-HJ3S08,Izu islands,HJ,HJ3,Miscanthus sinensis var. condensatus,Island,33.0921,139.81224,3.36432622157036,17.1166664759318,5.49999984105428,26.6350310643514,542.765838623047,27.3000001907349,6.64999993642171,20.6500002543132,22.6638892491659,10.7694444656372,23.9444443384806,10.4277776082357,2668.16666666667,333.333333333333,130.166666666667,31.7187643051147,850.166666666667,405.833333333333,705,475.333333333333
MIsin-IBR-IBR01S01,Inland,IBR,IBR1,Miscanthus sinensis var. sinensis,Inland,36.113919,140.095496,43.771939291922,14.0364582538605,9.03958368301392,28.5610423088074,800.470291137695,29.3499994277954,-2.29999995231628,31.649998664856,21.2999997138977,4.19583344459534,23.8499994277954,4.19583344459534,1330.25,184,35.5,45.5184507369995,494,132.25,468,132.25
MIsin-IBR-IBR01S02,Inland,IBR,IBR1,Miscanthus sinensis var. sinensis,Inland,36.113919,140.095496,43.771939291922,14.0364582538605,9.03958368301392,28.5610423088074,800.470291137695,29.3499994277954,-2.29999995231628,31.649998664856,21.2999997138977,4.19583344459534,23.8499994277954,4.19583344459534,1330.25,184,35.5,45.5184507369995,494,132.25,468,132.25
MIsin-IBR-IBR01S03,Inland,IBR,IBR1,Miscanthus sinensis var. sinensis,Inland,36.113919,140.095496,43.771939291922,14.0364582538605,9.03958368301392,28.5610423088074,800.470291137695,29.3499994277954,-2.29999995231628,31.649998664856,21.2999997138977,4.19583344459534,23.8499994277954,4.19583344459534,1330.25,184,35.5,45.5184507369995,494,132.25,468,132.25
MIsin-IBR-IBR01S04,Inland,IBR,IBR1,Miscanthus sinensis var. sinensis,Inland,36.113919,140.095496,43.771939291922,14.0364582538605,9.03958368301392,28.5610423088074,800.470291137695,29.3499994277954,-2.29999995231628,31.649998664856,21.2999997138977,4.19583344459534,23.8499994277954,4.19583344459534,1330.25,184,35.5,45.5184507369995,494,132.25,468,132.25
MIsin-IBR-IBR01S05,Inland,IBR,IBR1,Miscanthus sinensis var. sinensis,Inland,36.113919,140.095496,43.771939291922,14.0364582538605,9.03958368301392,28.5610423088074,800.470291137695,29.3499994277954,-2.29999995231628,31.649998664856,21.2999997138977,4.19583344459534,23.8499994277954,4.19583344459534,1330.25,184,35.5,45.5184507369995,494,132.25,468,132.25
MIsin-IBR-IBR01S06,Inland,IBR,IBR1,Miscanthus sinensis var. sinensis,Inland,36.113919,140.095496,43.771939291922,14.0364582538605,9.03958368301392,28.5610423088074,800.470291137695,29.3499994277954,-2.29999995231628,31.649998664856,21.2999997138977,4.19583344459534,23.8499994277954,4.19583344459534,1330.25,184,35.5,45.5184507369995,494,132.25,468,132.25
MIsin-IBR-IBR01S07,Inland,IBR,IBR1,Miscanthus sinensis var. sinensis,Inland,36.113919,140.095496,43.771939291922,14.0364582538605,9.03958368301392,28.5610423088074,800.470291137695,29.3499994277954,-2.29999995231628,31.649998664856,21.2999997138977,4.19583344459534,23.8499994277954,4.19583344459534,1330.25,184,35.5,45.5184507369995,494,132.25,468,132.25
MIsin-HKN-HKN02S01,Inland,HKN,HKN2,Miscanthus sinensis var. sinensis,Inland,35.198909,138.993058,12.6832958534465,11.9187500476837,9.07083320617676,30.6704359054565,736.625885009766,26.5249996185303,-3.05000001192093,29.5749998092651,20.4499998092651,3.10000002384186,21.0291666984558,3,1832.5,266,53.25,48.1964502334595,707.75,183.75,707.25,251.5
MIsin-HKN-HKN02S02,Inland,HKN,HKN2,Miscanthus sinensis var. sinensis,Inland,35.198909,138.993058,12.6832958534465,11.9187500476837,9.07083320617676,30.6704359054565,736.625885009766,26.5249996185303,-3.05000001192093,29.5749998092651,20.4499998092651,3.10000002384186,21.0291666984558,3,1832.5,266,53.25,48.1964502334595,707.75,183.75,707.25,251.5
MIsin-HKN-HKN02S03,Inland,HKN,HKN2,Miscanthus sinensis var. sinensis,Inland,35.198909,138.993058,12.6832958534465,11.9187500476837,9.07083320617676,30.6704359054565,736.625885009766,26.5249996185303,-3.05000001192093,29.5749998092651,20.4499998092651,3.10000002384186,21.0291666984558,3,1832.5,266,53.25,48.1964502334595,707.75,183.75,707.25,251.5
MIcon-MUR-MUR02S02,Miura Peninsula,MUR,MUR2,Miscanthus sinensis var. condensatus,Seashore,35.130844,139.62802,0.21395458448487,16.8916664123535,5.99999952316284,25,621.394470214844,29.2999992370605,5.30000019073486,24,23.1166667938232,10.0666666030884,24.9333343505859,9.44999980926514,1791,226,65,35.4937629699707,583,228,525,315
MIcon-MUR-MUR02S06,Miura Peninsula,MUR,MUR2,Miscanthus sinensis var. condensatus,Seashore,35.130844,139.62802,0.21395458448487,16.8916664123535,5.99999952316284,25,621.394470214844,29.2999992370605,5.30000019073486,24,23.1166667938232,10.0666666030884,24.9333343505859,9.44999980926514,1791,226,65,35.4937629699707,583,228,525,315
MIsin-BOS-BOS03S06,Boso Peninsula,BOS,BOS3,Miscanthus sinensis var. sinensis,Inland,35.289522,140.086893,19.0151532221326,14.8783332824707,7.59000005722046,26.3908042907715,751.771240234375,28.9600002288818,0.200000005960464,28.7600002288818,21.8900001525879,5.68333330154419,24.1566665649414,5.68333330154419,1648.2,210,61.4,36.1767738342285,562,214.2,480.4,214.2
MIsin-BOS-BOS03S08,Boso Peninsula,BOS,BOS3,Miscanthus sinensis var. sinensis,Inland,35.289522,140.086893,19.0151532221326,14.8783332824707,7.59000005722046,26.3908042907715,751.771240234375,28.9600002288818,0.200000005960464,28.7600002288818,21.8900001525879,5.68333330154419,24.1566665649414,5.68333330154419,1648.2,210,61.4,36.1767738342285,562,214.2,480.4,214.2
MIsin-BOS-BOS06S01,Boso Peninsula,BOS,BOS6,Miscanthus sinensis var. condensatus,Seashore,34.900238,139.888047,0.171440610811372,16.033332824707,7.56666684150696,28.2338314056396,686.228698730469,29.3999996185303,2.59999990463257,26.7999992370605,18.5750007629395,7.79166650772095,24.625,7.79166650772095,1874.5,231,79,32.5146102905273,607,269.5,510,269.5
MIsin-BOS-BOS06S02,Boso Peninsula,BOS,BOS6,Miscanthus sinensis var. condensatus,Seashore,34.900238,139.888047,0.171440610811372,16.033332824707,7.56666684150696,28.2338314056396,686.228698730469,29.3999996185303,2.59999990463257,26.7999992370605,18.5750007629395,7.79166650772095,24.625,7.79166650772095,1874.5,231,79,32.5146102905273,607,269.5,510,269.5
MIsin-BOS-BOS06S03,Boso Peninsula,BOS,BOS6,Miscanthus sinensis var. condensatus,Seashore,34.900238,139.888047,0.171440610811372,16.033332824707,7.56666684150696,28.2338314056396,686.228698730469,29.3999996185303,2.59999990463257,26.7999992370605,18.5750007629395,7.79166650772095,24.625,7.79166650772095,1874.5,231,79,32.5146102905273,607,269.5,510,269.5
MIsin-BOS-BOS06S04,Boso Peninsula,BOS,BOS6,Miscanthus sinensis var. condensatus,Seashore,34.900238,139.888047,0.171440610811372,16.033332824707,7.56666684150696,28.2338314056396,686.228698730469,29.3999996185303,2.59999990463257,26.7999992370605,18.5750007629395,7.79166650772095,24.625,7.79166650772095,1874.5,231,79,32.5146102905273,607,269.5,510,269.5
MIsin-BOS-BOS06S05,Boso Peninsula,BOS,BOS6,Miscanthus sinensis var. condensatus,Seashore,34.900238,139.888047,0.171440610811372,16.033332824707,7.56666684150696,28.2338314056396,686.228698730469,29.3999996185303,2.59999990463257,26.7999992370605,18.5750007629395,7.79166650772095,24.625,7.79166650772095,1874.5,231,79,32.5146102905273,607,269.5,510,269.5
MIsin-BOS-BOS06S06,Boso Peninsula,BOS,BOS6,Miscanthus sinensis var. condensatus,Seashore,34.900238,139.888047,0.171440610811372,16.033332824707,7.56666684150696,28.2338314056396,686.228698730469,29.3999996185303,2.59999990463257,26.7999992370605,18.5750007629395,7.79166650772095,24.625,7.79166650772095,1874.5,231,79,32.5146102905273,607,269.5,510,269.5
MIsin-BOS-BOS06S07,Boso Peninsula,BOS,BOS6,Miscanthus sinensis var. condensatus,Seashore,34.900238,139.888047,0.171440610811372,16.033332824707,7.56666684150696,28.2338314056396,686.228698730469,29.3999996185303,2.59999990463257,26.7999992370605,18.5750007629395,7.79166650772095,24.625,7.79166650772095,1874.5,231,79,32.5146102905273,607,269.5,510,269.5
MIsin-BOS-BOS06S08,Boso Peninsula,BOS,BOS6,Miscanthus sinensis var. condensatus,Seashore,34.900238,139.888047,0.171440610811372,16.033332824707,7.56666684150696,28.2338314056396,686.228698730469,29.3999996185303,2.59999990463257,26.7999992370605,18.5750007629395,7.79166650772095,24.625,7.79166650772095,1874.5,231,79,32.5146102905273,607,269.5,510,269.5
MIsin-BOS-BOS08S02,Boso Peninsula,BOS,BOS8,Miscanthus sinensis var. condensatus,Seashore,35.059874,140.074962,0.0682161695790232,15.6000003814697,7.31666660308838,27.0987663269043,697.234802246094,29,2,27,22.3333339691162,7.18333339691162,24.283332824707,7.18333339691162,1801,231,73,33.9737243652344,592,252,492,252
MIsin-BOS-BOS08S03,Boso Peninsula,BOS,BOS8,Miscanthus sinensis var. condensatus,Seashore,35.059874,140.074962,0.0682161695790232,15.6000003814697,7.31666660308838,27.0987663269043,697.234802246094,29,2,27,22.3333339691162,7.18333339691162,24.283332824707,7.18333339691162,1801,231,73,33.9737243652344,592,252,492,252
MIsin-BOS-BOS08S04,Boso Peninsula,BOS,BOS8,Miscanthus sinensis var. condensatus,Seashore,35.059874,140.074962,0.0682161695790232,15.6000003814697,7.31666660308838,27.0987663269043,697.234802246094,29,2,27,22.3333339691162,7.18333339691162,24.283332824707,7.18333339691162,1801,231,73,33.9737243652344,592,252,492,252
MIsin-BOS-BOS08S05,Boso Peninsula,BOS,BOS8,Miscanthus sinensis var. condensatus,Seashore,35.059874,140.074962,0.0682161695790232,15.6000003814697,7.31666660308838,27.0987663269043,697.234802246094,29,2,27,22.3333339691162,7.18333339691162,24.283332824707,7.18333339691162,1801,231,73,33.9737243652344,592,252,492,252
MIsin-BOS-BOS08S06,Boso Peninsula,BOS,BOS8,Miscanthus sinensis var. condensatus,Seashore,35.059874,140.074962,0.0682161695790232,15.6000003814697,7.31666660308838,27.0987663269043,697.234802246094,29,2,27,22.3333339691162,7.18333339691162,24.283332824707,7.18333339691162,1801,231,73,33.9737243652344,592,252,492,252
MIsin-BOS-BOS08S07,Boso Peninsula,BOS,BOS8,Miscanthus sinensis var. condensatus,Seashore,35.059874,140.074962,0.0682161695790232,15.6000003814697,7.31666660308838,27.0987663269043,697.234802246094,29,2,27,22.3333339691162,7.18333339691162,24.283332824707,7.18333339691162,1801,231,73,33.9737243652344,592,252,492,252
MIsin-BOS-BOS08S08,Boso Peninsula,BOS,BOS8,Miscanthus sinensis var. condensatus,Seashore,35.059874,140.074962,0.0682161695790232,15.6000003814697,7.31666660308838,27.0987663269043,697.234802246094,29,2,27,22.3333339691162,7.18333339691162,24.283332824707,7.18333339691162,1801,231,73,33.9737243652344,592,252,492,252
MIsin-FUJ-FUJ02S03,Inland,FUJ,FUJ2,Miscanthus sinensis var. sinensis,Inland,35.503611,138.700278,40.4579773465281,10.5104167461395,10.1749999523163,31.6733679771423,792.735076904297,26.3499999046326,-5.77499997615814,32.1250004768372,20.2250003814697,0.916666723787785,20.2250003814697,0.916666723787785,1574,246.75,37,54.9882612228394,657.25,135.75,657.25,135.75
MIsin-FUJ-FUJ02S05,Inland,FUJ,FUJ2,Miscanthus sinensis var. sinensis,Inland,35.503611,138.700278,40.4579773465281,10.5104167461395,10.1749999523163,31.6733679771423,792.735076904297,26.3499999046326,-5.77499997615814,32.1250004768372,20.2250003814697,0.916666723787785,20.2250003814697,0.916666723787785,1574,246.75,37,54.9882612228394,657.25,135.75,657.25,135.75
MIcon-MIY-MIY439S01,Izu islands,MIY,MIY439,Miscanthus sinensis var. condensatus,Island,34.098594,139.532518,1.56064182294202,15.7906255722046,6.2645834684372,26.9118957519531,607.132751464844,27.300000667572,4.02499997615814,23.2750000953674,21.7583336830139,8.60416674613953,23.4000000953674,8.37083339691162,2660.75,318,120.5,31.253321647644,870.25,387.75,758.75,481.5
MIcon-MIY-MIY439S03,Izu islands,MIY,MIY439,Miscanthus sinensis var. condensatus,Island,34.098594,139.532518,1.56064182294202,15.7906255722046,6.2645834684372,26.9118957519531,607.132751464844,27.300000667572,4.02499997615814,23.2750000953674,21.7583336830139,8.60416674613953,23.4000000953674,8.37083339691162,2660.75,318,120.5,31.253321647644,870.25,387.75,758.75,481.5
MIcon-MIY-MIY439S04,Izu islands,MIY,MIY439,Miscanthus sinensis var. condensatus,Island,34.098594,139.532518,1.56064182294202,15.7906255722046,6.2645834684372,26.9118957519531,607.132751464844,27.300000667572,4.02499997615814,23.2750000953674,21.7583336830139,8.60416674613953,23.4000000953674,8.37083339691162,2660.75,318,120.5,31.253321647644,870.25,387.75,758.75,481.5
MIcon-MIY-MIY439S06,Izu islands,MIY,MIY439,Miscanthus sinensis var. condensatus,Island,34.098594,139.532518,1.56064182294202,15.7906255722046,6.2645834684372,26.9118957519531,607.132751464844,27.300000667572,4.02499997615814,23.2750000953674,21.7583336830139,8.60416674613953,23.4000000953674,8.37083339691162,2660.75,318,120.5,31.253321647644,870.25,387.75,758.75,481.5
MIcon-MIY-MIY439S07,Izu islands,MIY,MIY439,Miscanthus sinensis var. condensatus,Island,34.098594,139.532518,1.56064182294202,15.7906255722046,6.2645834684372,26.9118957519531,607.132751464844,27.300000667572,4.02499997615814,23.2750000953674,21.7583336830139,8.60416674613953,23.4000000953674,8.37083339691162,2660.75,318,120.5,31.253321647644,870.25,387.75,758.75,481.5
MIcon-MIY-MIY439S08,Izu islands,MIY,MIY439,Miscanthus sinensis var. condensatus,Island,34.098594,139.532518,1.56064182294202,15.7906255722046,6.2645834684372,26.9118957519531,607.132751464844,27.300000667572,4.02499997615814,23.2750000953674,21.7583336830139,8.60416674613953,23.4000000953674,8.37083339691162,2660.75,318,120.5,31.253321647644,870.25,387.75,758.75,481.5
MIcon-MIY-MIY431S01,Izu islands,MIY,MIY431,Miscanthus sinensis var. condensatus,Island,34.093376,139.532011,2.13398435378698,15.2197918891907,6.47708332538605,27.558554649353,607.415161132812,26.8000001907349,3.29999995231628,23.5,21.1833333969116,8.04999995231628,22.8291668891907,7.77916657924652,2655,319.5,117.75,31.9853863716125,879,379,774.75,470
MIcon-MIY-MIY431S03,Izu islands,MIY,MIY431,Miscanthus sinensis var. condensatus,Island,34.093376,139.532011,2.13398435378698,15.2197918891907,6.47708332538605,27.558554649353,607.415161132812,26.8000001907349,3.29999995231628,23.5,21.1833333969116,8.04999995231628,22.8291668891907,7.77916657924652,2655,319.5,117.75,31.9853863716125,879,379,774.75,470
MIcon-MIY-MIY431S04,Izu islands,MIY,MIY431,Miscanthus sinensis var. condensatus,Island,34.093376,139.532011,2.13398435378698,15.2197918891907,6.47708332538605,27.558554649353,607.415161132812,26.8000001907349,3.29999995231628,23.5,21.1833333969116,8.04999995231628,22.8291668891907,7.77916657924652,2655,319.5,117.75,31.9853863716125,879,379,774.75,470
MIcon-MIY-MIY431S05,Izu islands,MIY,MIY431,Miscanthus sinensis var. condensatus,Island,34.093376,139.532011,2.13398435378698,15.2197918891907,6.47708332538605,27.558554649353,607.415161132812,26.8000001907349,3.29999995231628,23.5,21.1833333969116,8.04999995231628,22.8291668891907,7.77916657924652,2655,319.5,117.75,31.9853863716125,879,379,774.75,470
MIcon-MIY-MIY431S06,Izu islands,MIY,MIY431,Miscanthus sinensis var. condensatus,Island,34.093376,139.532011,2.13398435378698,15.2197918891907,6.47708332538605,27.558554649353,607.415161132812,26.8000001907349,3.29999995231628,23.5,21.1833333969116,8.04999995231628,22.8291668891907,7.77916657924652,2655,319.5,117.75,31.9853863716125,879,379,774.75,470
MIcon-MIY-MIY431S07,Izu islands,MIY,MIY431,Miscanthus sinensis var. condensatus,Island,34.093376,139.532011,2.13398435378698,15.2197918891907,6.47708332538605,27.558554649353,607.415161132812,26.8000001907349,3.29999995231628,23.5,21.1833333969116,8.04999995231628,22.8291668891907,7.77916657924652,2655,319.5,117.75,31.9853863716125,879,379,774.75,470
MIcon-MIY-MIY431S08,Izu islands,MIY,MIY431,Miscanthus sinensis var. condensatus,Island,34.093376,139.532011,2.13398435378698,15.2197918891907,6.47708332538605,27.558554649353,607.415161132812,26.8000001907349,3.29999995231628,23.5,21.1833333969116,8.04999995231628,22.8291668891907,7.77916657924652,2655,319.5,117.75,31.9853863716125,879,379,774.75,470
MIcon-MIY-MIY560S01,Izu islands,MIY,MIY560,Miscanthus sinensis var. condensatus,Island,34.089497,139.513915,1.41604521879769,15.3874998092651,6.625,27.8823406219482,614.626501464844,27.0399997711182,3.27999997138977,23.7599998474121,21.4100002288818,8.08000011444092,23.0666667938232,7.87333335876465,2649.8,319.6,117.6,31.7071895599365,870.2,379.8,766.6,473.2
MIcon-MIY-MIY560S02,Izu islands,MIY,MIY560,Miscanthus sinensis var. condensatus,Island,34.089497,139.513915,1.41604521879769,15.3874998092651,6.625,27.8823406219482,614.626501464844,27.0399997711182,3.27999997138977,23.7599998474121,21.4100002288818,8.08000011444092,23.0666667938232,7.87333335876465,2649.8,319.6,117.6,31.7071895599365,870.2,379.8,766.6,473.2
MIcon-MIY-MIY560S03,Izu islands,MIY,MIY560,Miscanthus sinensis var. condensatus,Island,34.089497,139.513915,1.41604521879769,15.3874998092651,6.625,27.8823406219482,614.626501464844,27.0399997711182,3.27999997138977,23.7599998474121,21.4100002288818,8.08000011444092,23.0666667938232,7.87333335876465,2649.8,319.6,117.6,31.7071895599365,870.2,379.8,766.6,473.2
MIcon-MIY-MIY560S04,Izu islands,MIY,MIY560,Miscanthus sinensis var. condensatus,Island,34.089497,139.513915,1.41604521879769,15.3874998092651,6.625,27.8823406219482,614.626501464844,27.0399997711182,3.27999997138977,23.7599998474121,21.4100002288818,8.08000011444092,23.0666667938232,7.87333335876465,2649.8,319.6,117.6,31.7071895599365,870.2,379.8,766.6,473.2
MIcon-MIY-MIY560S05,Izu islands,MIY,MIY560,Miscanthus sinensis var. condensatus,Island,34.089497,139.513915,1.41604521879769,15.3874998092651,6.625,27.8823406219482,614.626501464844,27.0399997711182,3.27999997138977,23.7599998474121,21.4100002288818,8.08000011444092,23.0666667938232,7.87333335876465,2649.8,319.6,117.6,31.7071895599365,870.2,379.8,766.6,473.2
MIcon-MIY-MIY560S06,Izu islands,MIY,MIY560,Miscanthus sinensis var. condensatus,Island,34.089497,139.513915,1.41604521879769,15.3874998092651,6.625,27.8823406219482,614.626501464844,27.0399997711182,3.27999997138977,23.7599998474121,21.4100002288818,8.08000011444092,23.0666667938232,7.87333335876465,2649.8,319.6,117.6,31.7071895599365,870.2,379.8,766.6,473.2
MIcon-MIY-MIY560S07,Izu islands,MIY,MIY560,Miscanthus sinensis var. condensatus,Island,34.089497,139.513915,1.41604521879769,15.3874998092651,6.625,27.8823406219482,614.626501464844,27.0399997711182,3.27999997138977,23.7599998474121,21.4100002288818,8.08000011444092,23.0666667938232,7.87333335876465,2649.8,319.6,117.6,31.7071895599365,870.2,379.8,766.6,473.2
MIcon-MIY-MIY560S08,Izu islands,MIY,MIY560,Miscanthus sinensis var. condensatus,Island,34.089497,139.513915,1.41604521879769,15.3874998092651,6.625,27.8823406219482,614.626501464844,27.0399997711182,3.27999997138977,23.7599998474121,21.4100002288818,8.08000011444092,23.0666667938232,7.87333335876465,2649.8,319.6,117.6,31.7071895599365,870.2,379.8,766.6,473.2
MIcon-MIY-MIY652S01,Izu islands,MIY,MIY652,Miscanthus sinensis var. condensatus,Island,34.05391,139.481918,0.810348108839995,17.3125,6.45000004768372,27.3885087966919,619.277709960938,28.8999996185303,5.35000014305115,23.5499992370605,20.033332824707,9.85000038146973,25.033332824707,9.79166650772095,2720.5,322,131,28.9660882949829,859.5,424,722.5,525
MIcon-MIY-MIY652S02,Izu islands,MIY,MIY652,Miscanthus sinensis var. condensatus,Island,34.05391,139.481918,0.810348108839995,17.3125,6.45000004768372,27.3885087966919,619.277709960938,28.8999996185303,5.35000014305115,23.5499992370605,20.033332824707,9.85000038146973,25.033332824707,9.79166650772095,2720.5,322,131,28.9660882949829,859.5,424,722.5,525
MIcon-MIY-MIY652S03,Izu islands,MIY,MIY652,Miscanthus sinensis var. condensatus,Island,34.05391,139.481918,0.810348108839995,17.3125,6.45000004768372,27.3885087966919,619.277709960938,28.8999996185303,5.35000014305115,23.5499992370605,20.033332824707,9.85000038146973,25.033332824707,9.79166650772095,2720.5,322,131,28.9660882949829,859.5,424,722.5,525
MIcon-MIY-MIY652S04,Izu islands,MIY,MIY652,Miscanthus sinensis var. condensatus,Island,34.05391,139.481918,0.810348108839995,17.3125,6.45000004768372,27.3885087966919,619.277709960938,28.8999996185303,5.35000014305115,23.5499992370605,20.033332824707,9.85000038146973,25.033332824707,9.79166650772095,2720.5,322,131,28.9660882949829,859.5,424,722.5,525
MIcon-MIY-MIY652S05,Izu islands,MIY,MIY652,Miscanthus sinensis var. condensatus,Island,34.05391,139.481918,0.810348108839995,17.3125,6.45000004768372,27.3885087966919,619.277709960938,28.8999996185303,5.35000014305115,23.5499992370605,20.033332824707,9.85000038146973,25.033332824707,9.79166650772095,2720.5,322,131,28.9660882949829,859.5,424,722.5,525
MIcon-MIY-MIY652S06,Izu islands,MIY,MIY652,Miscanthus sinensis var. condensatus,Island,34.05391,139.481918,0.810348108839995,17.3125,6.45000004768372,27.3885087966919,619.277709960938,28.8999996185303,5.35000014305115,23.5499992370605,20.033332824707,9.85000038146973,25.033332824707,9.79166650772095,2720.5,322,131,28.9660882949829,859.5,424,722.5,525
MIcon-MIY-MIY652S07,Izu islands,MIY,MIY652,Miscanthus sinensis var. condensatus,Island,34.05391,139.481918,0.810348108839995,17.3125,6.45000004768372,27.3885087966919,619.277709960938,28.8999996185303,5.35000014305115,23.5499992370605,20.033332824707,9.85000038146973,25.033332824707,9.79166650772095,2720.5,322,131,28.9660882949829,859.5,424,722.5,525
MIcon-MIY-MIY652S08,Izu islands,MIY,MIY652,Miscanthus sinensis var. condensatus,Island,34.05391,139.481918,0.810348108839995,17.3125,6.45000004768372,27.3885087966919,619.277709960938,28.8999996185303,5.35000014305115,23.5499992370605,20.033332824707,9.85000038146973,25.033332824707,9.79166650772095,2720.5,322,131,28.9660882949829,859.5,424,722.5,525
MIcon-MIY-MIY650S01,Izu islands,MIY,MIY650,Miscanthus sinensis var. condensatus,Island,34.079301,139.554776,1.35928503599996,17.4891666412354,5.85833330154419,26.3144729614258,582.249475097656,28.6,6.33999996185303,22.2599998474121,21.4133335113525,10.6800001144409,24.8366664886475,10.3866666793823,2753.6,331.6,130.8,29.5671203613281,881.4,423.4,744,523.8
MIsin-TC-TC2S01,Inland,TC,TC2,Miscanthus sinensis var. sinensis,Inland,36.73473333,139.83595,74.8755419753893,12.1541666030884,9.26499977111816,28.8809703826904,831.632604980469,28.3399997711182,-3.74000000953674,32.0799987792969,22.3599994659424,2.14666662216187,22.3599994659424,2.14666662216187,1324.6,184,45,44.7992630004883,504.8,149.2,504.8,149.2
MIsin-TC-TC2S02,Inland,TC,TC2,Miscanthus sinensis var. sinensis,Inland,36.73473333,139.83595,74.8755419753893,12.1541666030884,9.26499977111816,28.8809703826904,831.632604980469,28.3399997711182,-3.74000000953674,32.0799987792969,22.3599994659424,2.14666662216187,22.3599994659424,2.14666662216187,1324.6,184,45,44.7992630004883,504.8,149.2,504.8,149.2
MIsin-TC-TC2S03,Inland,TC,TC2,Miscanthus sinensis var. sinensis,Inland,36.73473333,139.83595,74.8755419753893,12.1541666030884,9.26499977111816,28.8809703826904,831.632604980469,28.3399997711182,-3.74000000953674,32.0799987792969,22.3599994659424,2.14666662216187,22.3599994659424,2.14666662216187,1324.6,184,45,44.7992630004883,504.8,149.2,504.8,149.2
MIsin-TC-TC2S04,Inland,TC,TC2,Miscanthus sinensis var. sinensis,Inland,36.73473333,139.83595,74.8755419753893,12.1541666030884,9.26499977111816,28.8809703826904,831.632604980469,28.3399997711182,-3.74000000953674,32.0799987792969,22.3599994659424,2.14666662216187,22.3599994659424,2.14666662216187,1324.6,184,45,44.7992630004883,504.8,149.2,504.8,149.2
MIsin-TC-TC2S05,Inland,TC,TC2,Miscanthus sinensis var. sinensis,Inland,36.73473333,139.83595,74.8755419753893,12.1541666030884,9.26499977111816,28.8809703826904,831.632604980469,28.3399997711182,-3.74000000953674,32.0799987792969,22.3599994659424,2.14666662216187,22.3599994659424,2.14666662216187,1324.6,184,45,44.7992630004883,504.8,149.2,504.8,149.2
MIsin-TC-TC2S06,Inland,TC,TC2,Miscanthus sinensis var. sinensis,Inland,36.73473333,139.83595,74.8755419753893,12.1541666030884,9.26499977111816,28.8809703826904,831.632604980469,28.3399997711182,-3.74000000953674,32.0799987792969,22.3599994659424,2.14666662216187,22.3599994659424,2.14666662216187,1324.6,184,45,44.7992630004883,504.8,149.2,504.8,149.2
MIsin-TC-TC2S07,Inland,TC,TC2,Miscanthus sinensis var. sinensis,Inland,36.73473333,139.83595,74.8755419753893,12.1541666030884,9.26499977111816,28.8809703826904,831.632604980469,28.3399997711182,-3.74000000953674,32.0799987792969,22.3599994659424,2.14666662216187,22.3599994659424,2.14666662216187,1324.6,184,45,44.7992630004883,504.8,149.2,504.8,149.2
MIsin-TC-TC2S08,Inland,TC,TC2,Miscanthus sinensis var. sinensis,Inland,36.73473333,139.83595,74.8755419753893,12.1541666030884,9.26499977111816,28.8809703826904,831.632604980469,28.3399997711182,-3.74000000953674,32.0799987792969,22.3599994659424,2.14666662216187,22.3599994659424,2.14666662216187,1324.6,184,45,44.7992630004883,504.8,149.2,504.8,149.2
MIsin-TC-TC1S01,Inland,TC,TC1,Miscanthus sinensis var. sinensis,Inland,36.88666667,139.5789333,102.221884130399,8.11249995231628,8.68333339691162,26.8836526870728,870.466903686523,24.7249994277954,-7.57499992847443,32.2999992370605,18.8208332061768,-2.27083337306976,18.8208332061768,-2.35833340883255,1735.75,282.5,58.75,52.2616586685181,751.5,202,751.5,231.75
MIsin-TC-TC1S02,Inland,TC,TC1,Miscanthus sinensis var. sinensis,Inland,36.88666667,139.5789333,102.221884130399,8.11249995231628,8.68333339691162,26.8836526870728,870.466903686523,24.7249994277954,-7.57499992847443,32.2999992370605,18.8208332061768,-2.27083337306976,18.8208332061768,-2.35833340883255,1735.75,282.5,58.75,52.2616586685181,751.5,202,751.5,231.75
MIsin-TC-TC1S03,Inland,TC,TC1,Miscanthus sinensis var. sinensis,Inland,36.88666667,139.5789333,102.221884130399,8.11249995231628,8.68333339691162,26.8836526870728,870.466903686523,24.7249994277954,-7.57499992847443,32.2999992370605,18.8208332061768,-2.27083337306976,18.8208332061768,-2.35833340883255,1735.75,282.5,58.75,52.2616586685181,751.5,202,751.5,231.75
MIsin-TC-TC1S04,Inland,TC,TC1,Miscanthus sinensis var. sinensis,Inland,36.88666667,139.5789333,102.221884130399,8.11249995231628,8.68333339691162,26.8836526870728,870.466903686523,24.7249994277954,-7.57499992847443,32.2999992370605,18.8208332061768,-2.27083337306976,18.8208332061768,-2.35833340883255,1735.75,282.5,58.75,52.2616586685181,751.5,202,751.5,231.75
MIsin-TC-TC1S05,Inland,TC,TC1,Miscanthus sinensis var. sinensis,Inland,36.88666667,139.5789333,102.221884130399,8.11249995231628,8.68333339691162,26.8836526870728,870.466903686523,24.7249994277954,-7.57499992847443,32.2999992370605,18.8208332061768,-2.27083337306976,18.8208332061768,-2.35833340883255,1735.75,282.5,58.75,52.2616586685181,751.5,202,751.5,231.75
MIsin-TC-TC1S06,Inland,TC,TC1,Miscanthus sinensis var. sinensis,Inland,36.88666667,139.5789333,102.221884130399,8.11249995231628,8.68333339691162,26.8836526870728,870.466903686523,24.7249994277954,-7.57499992847443,32.2999992370605,18.8208332061768,-2.27083337306976,18.8208332061768,-2.35833340883255,1735.75,282.5,58.75,52.2616586685181,751.5,202,751.5,231.75
MIsin-TC-TC1S07,Inland,TC,TC1,Miscanthus sinensis var. sinensis,Inland,36.88666667,139.5789333,102.221884130399,8.11249995231628,8.68333339691162,26.8836526870728,870.466903686523,24.7249994277954,-7.57499992847443,32.2999992370605,18.8208332061768,-2.27083337306976,18.8208332061768,-2.35833340883255,1735.75,282.5,58.75,52.2616586685181,751.5,202,751.5,231.75
MIsin-TC-TC1S08,Inland,TC,TC1,Miscanthus sinensis var. sinensis,Inland,36.88666667,139.5789333,102.221884130399,8.11249995231628,8.68333339691162,26.8836526870728,870.466903686523,24.7249994277954,-7.57499992847443,32.2999992370605,18.8208332061768,-2.27083337306976,18.8208332061768,-2.35833340883255,1735.75,282.5,58.75,52.2616586685181,751.5,202,751.5,231.75
MIcon-SH-SH6S01,Izu islands,SH,SH6,Miscanthus sinensis var. condensatus,Island,34.31826,139.19848,5.68940246108429,17.6333332061768,5.16666650772095,24.3710689544678,562.991638183594,28.3999996185303,7.19999980926514,21.2000007629395,23.3583335876465,11.2416667938232,24.8166666030884,10.7666664123535,2355,295.5,102,31.2043447494507,736.5,333.5,671,429.5
MIcon-SH-SH6S02,Izu islands,SH,SH6,Miscanthus sinensis var. condensatus,Island,34.31826,139.19848,5.68940246108429,17.6333332061768,5.16666650772095,24.3710689544678,562.991638183594,28.3999996185303,7.19999980926514,21.2000007629395,23.3583335876465,11.2416667938232,24.8166666030884,10.7666664123535,2355,295.5,102,31.2043447494507,736.5,333.5,671,429.5
MIcon-SH-SH6S03,Izu islands,SH,SH6,Miscanthus sinensis var. condensatus,Island,34.31826,139.19848,5.68940246108429,17.6333332061768,5.16666650772095,24.3710689544678,562.991638183594,28.3999996185303,7.19999980926514,21.2000007629395,23.3583335876465,11.2416667938232,24.8166666030884,10.7666664123535,2355,295.5,102,31.2043447494507,736.5,333.5,671,429.5
MIcon-SH-SH3S02,Izu islands,SH,SH3,Miscanthus sinensis var. condensatus,Island,34.33617,139.21249,3.83299894188067,17.6291675567627,5.19166660308838,24.4889945983887,561.331481933594,28.3999996185303,7.19999980926514,21.2000007629395,23.3333339691162,11.2666664123535,24.783332824707,10.7666664123535,2343,294,101,31.2060546875,733,333,667,429
MIcon-SH-SH3S03,Izu islands,SH,SH3,Miscanthus sinensis var. condensatus,Island,34.33617,139.21249,3.83299894188067,17.6291675567627,5.19166660308838,24.4889945983887,561.331481933594,28.3999996185303,7.19999980926514,21.2000007629395,23.3333339691162,11.2666664123535,24.783332824707,10.7666664123535,2343,294,101,31.2060546875,733,333,667,429
MIcon-SH-SH3S01,Izu islands,SH,SH3,Miscanthus sinensis var. condensatus,Island,34.33617,139.21249,3.83299894188067,17.6291675567627,5.19166660308838,24.4889945983887,561.331481933594,28.3999996185303,7.19999980926514,21.2000007629395,23.3333339691162,11.2666664123535,24.783332824707,10.7666664123535,2343,294,101,31.2060546875,733,333,667,429
MIcon-OSH-OSH08S01,Izu islands,OSH,OSH8,Miscanthus sinensis var. condensatus,Island,34.796637,139.361347,0.0383936784426647,16.0187501907349,6.28749990463257,25.4554662704468,646.986846923828,28.3999996185303,3.70000004768372,24.6999988555908,22.283332824707,8.34999990463257,24.1500005722046,8.2083330154419,2004.5,251,80,33.1862487792969,643.5,267.5,598.5,355.5
MIcon-OSH-OSH08S04,Izu islands,OSH,OSH8,Miscanthus sinensis var. condensatus,Island,34.796637,139.361347,0.0383936784426647,16.0187501907349,6.28749990463257,25.4554662704468,646.986846923828,28.3999996185303,3.70000004768372,24.6999988555908,22.283332824707,8.34999990463257,24.1500005722046,8.2083330154419,2004.5,251,80,33.1862487792969,643.5,267.5,598.5,355.5
MIcon-OSH-OSH08S05,Izu islands,OSH,OSH8,Miscanthus sinensis var. condensatus,Island,34.796637,139.361347,0.0383936784426647,16.0187501907349,6.28749990463257,25.4554662704468,646.986846923828,28.3999996185303,3.70000004768372,24.6999988555908,22.283332824707,8.34999990463257,24.1500005722046,8.2083330154419,2004.5,251,80,33.1862487792969,643.5,267.5,598.5,355.5
MIcon-OSH-OSH08S06,Izu islands,OSH,OSH8,Miscanthus sinensis var. condensatus,Island,34.796637,139.361347,0.0383936784426647,16.0187501907349,6.28749990463257,25.4554662704468,646.986846923828,28.3999996185303,3.70000004768372,24.6999988555908,22.283332824707,8.34999990463257,24.1500005722046,8.2083330154419,2004.5,251,80,33.1862487792969,643.5,267.5,598.5,355.5
MIcon-OSH-OSH08S07,Izu islands,OSH,OSH8,Miscanthus sinensis var. condensatus,Island,34.796637,139.361347,0.0383936784426647,16.0187501907349,6.28749990463257,25.4554662704468,646.986846923828,28.3999996185303,3.70000004768372,24.6999988555908,22.283332824707,8.34999990463257,24.1500005722046,8.2083330154419,2004.5,251,80,33.1862487792969,643.5,267.5,598.5,355.5
MIcon-OSH-OSH08S08,Izu islands,OSH,OSH8,Miscanthus sinensis var. condensatus,Island,34.796637,139.361347,0.0383936784426647,16.0187501907349,6.28749990463257,25.4554662704468,646.986846923828,28.3999996185303,3.70000004768372,24.6999988555908,22.283332824707,8.34999990463257,24.1500005722046,8.2083330154419,2004.5,251,80,33.1862487792969,643.5,267.5,598.5,355.5
MIcon-OSH-OSH07S01,Izu islands,OSH,OSH7,Miscanthus sinensis var. condensatus,Island,34.678814,139.435062,0.214334937247973,16.5625,5.95833349227905,25.2471752166748,615.423461914062,28.3999996185303,4.80000019073486,23.5999984741211,22.6333332061768,9.35000038146973,24.3333339691162,9.10000038146973,2088,260,86,32.2191009521484,662,287,604,379
MIcon-OSH-OSH07S02,Izu islands,OSH,OSH7,Miscanthus sinensis var. condensatus,Island,34.678814,139.435062,0.214334937247973,16.5625,5.95833349227905,25.2471752166748,615.423461914062,28.3999996185303,4.80000019073486,23.5999984741211,22.6333332061768,9.35000038146973,24.3333339691162,9.10000038146973,2088,260,86,32.2191009521484,662,287,604,379
MIcon-OSH-OSH07S03,Izu islands,OSH,OSH7,Miscanthus sinensis var. condensatus,Island,34.678814,139.435062,0.214334937247973,16.5625,5.95833349227905,25.2471752166748,615.423461914062,28.3999996185303,4.80000019073486,23.5999984741211,22.6333332061768,9.35000038146973,24.3333339691162,9.10000038146973,2088,260,86,32.2191009521484,662,287,604,379
MIcon-OSH-OSH07S04,Izu islands,OSH,OSH7,Miscanthus sinensis var. condensatus,Island,34.678814,139.435062,0.214334937247973,16.5625,5.95833349227905,25.2471752166748,615.423461914062,28.3999996185303,4.80000019073486,23.5999984741211,22.6333332061768,9.35000038146973,24.3333339691162,9.10000038146973,2088,260,86,32.2191009521484,662,287,604,379
MIcon-OSH-OSH07S05,Izu islands,OSH,OSH7,Miscanthus sinensis var. condensatus,Island,34.678814,139.435062,0.214334937247973,16.5625,5.95833349227905,25.2471752166748,615.423461914062,28.3999996185303,4.80000019073486,23.5999984741211,22.6333332061768,9.35000038146973,24.3333339691162,9.10000038146973,2088,260,86,32.2191009521484,662,287,604,379
MIcon-OSH-OSH07S06,Izu islands,OSH,OSH7,Miscanthus sinensis var. condensatus,Island,34.678814,139.435062,0.214334937247973,16.5625,5.95833349227905,25.2471752166748,615.423461914062,28.3999996185303,4.80000019073486,23.5999984741211,22.6333332061768,9.35000038146973,24.3333339691162,9.10000038146973,2088,260,86,32.2191009521484,662,287,604,379
MIcon-OSH-OSH07S07,Izu islands,OSH,OSH7,Miscanthus sinensis var. condensatus,Island,34.678814,139.435062,0.214334937247973,16.5625,5.95833349227905,25.2471752166748,615.423461914062,28.3999996185303,4.80000019073486,23.5999984741211,22.6333332061768,9.35000038146973,24.3333339691162,9.10000038146973,2088,260,86,32.2191009521484,662,287,604,379
MIcon-OSH-OSH07S08,Izu islands,OSH,OSH7,Miscanthus sinensis var. condensatus,Island,34.678814,139.435062,0.214334937247973,16.5625,5.95833349227905,25.2471752166748,615.423461914062,28.3999996185303,4.80000019073486,23.5999984741211,22.6333332061768,9.35000038146973,24.3333339691162,9.10000038146973,2088,260,86,32.2191009521484,662,287,604,379
MIcon-OSH-OSH29S01,Izu islands,OSH,OSH029,Miscanthus sinensis var. condensatus,Island,34.730877,139.424015,3.03431379418704,14.9208335876465,6.87499988079071,27.3063254356384,643.118194580078,27.4749999046326,2.29999995231628,25.1749997138977,21.125,7.3291666507721,22.9791665077209,7.09166657924652,2141.25,265.75,78.25,36.2919778823853,731.25,267,680,358.75
MIcon-OSH-OSH29S02,Izu islands,OSH,OSH029,Miscanthus sinensis var. condensatus,Island,34.730877,139.424015,3.03431379418704,14.9208335876465,6.87499988079071,27.3063254356384,643.118194580078,27.4749999046326,2.29999995231628,25.1749997138977,21.125,7.3291666507721,22.9791665077209,7.09166657924652,2141.25,265.75,78.25,36.2919778823853,731.25,267,680,358.75
MIcon-OSH-OSH29S03,Izu islands,OSH,OSH029,Miscanthus sinensis var. condensatus,Island,34.730877,139.424015,3.03431379418704,14.9208335876465,6.87499988079071,27.3063254356384,643.118194580078,27.4749999046326,2.29999995231628,25.1749997138977,21.125,7.3291666507721,22.9791665077209,7.09166657924652,2141.25,265.75,78.25,36.2919778823853,731.25,267,680,358.75
MIcon-OSH-OSH29S04,Izu islands,OSH,OSH029,Miscanthus sinensis var. condensatus,Island,34.730877,139.424015,3.03431379418704,14.9208335876465,6.87499988079071,27.3063254356384,643.118194580078,27.4749999046326,2.29999995231628,25.1749997138977,21.125,7.3291666507721,22.9791665077209,7.09166657924652,2141.25,265.75,78.25,36.2919778823853,731.25,267,680,358.75
MIcon-OSH-OSH29S05,Izu islands,OSH,OSH029,Miscanthus sinensis var. condensatus,Island,34.730877,139.424015,3.03431379418704,14.9208335876465,6.87499988079071,27.3063254356384,643.118194580078,27.4749999046326,2.29999995231628,25.1749997138977,21.125,7.3291666507721,22.9791665077209,7.09166657924652,2141.25,265.75,78.25,36.2919778823853,731.25,267,680,358.75
MIcon-OSH-OSH29S06,Izu islands,OSH,OSH029,Miscanthus sinensis var. condensatus,Island,34.730877,139.424015,3.03431379418704,14.9208335876465,6.87499988079071,27.3063254356384,643.118194580078,27.4749999046326,2.29999995231628,25.1749997138977,21.125,7.3291666507721,22.9791665077209,7.09166657924652,2141.25,265.75,78.25,36.2919778823853,731.25,267,680,358.75
MIcon-OSH-OSH29S07,Izu islands,OSH,OSH029,Miscanthus sinensis var. condensatus,Island,34.730877,139.424015,3.03431379418704,14.9208335876465,6.87499988079071,27.3063254356384,643.118194580078,27.4749999046326,2.29999995231628,25.1749997138977,21.125,7.3291666507721,22.9791665077209,7.09166657924652,2141.25,265.75,78.25,36.2919778823853,731.25,267,680,358.75
MIcon-OSH-OSH29S08,Izu islands,OSH,OSH029,Miscanthus sinensis var. condensatus,Island,34.730877,139.424015,3.03431379418704,14.9208335876465,6.87499988079071,27.3063254356384,643.118194580078,27.4749999046326,2.29999995231628,25.1749997138977,21.125,7.3291666507721,22.9791665077209,7.09166657924652,2141.25,265.75,78.25,36.2919778823853,731.25,267,680,358.75
MIcon-NI-NI5S01,Izu islands,NI,NI5,Miscanthus sinensis var. condensatus,Island,34.39347,139.26564,0.242598254339365,16.3760418891907,5.55624985694885,25.255039691925,575.376663208008,27.4000000953674,5.39999997615814,22,22.1624994277954,9.82499980926514,23.6791663169861,9.32083344459534,2348.5,292.5,96.25,32.8980875015259,761,316.75,705,412.5
MIcon-NI-NI5S02,Izu islands,NI,NI5,Miscanthus sinensis var. condensatus,Island,34.39347,139.26564,0.242598254339365,16.3760418891907,5.55624985694885,25.255039691925,575.376663208008,27.4000000953674,5.39999997615814,22,22.1624994277954,9.82499980926514,23.6791663169861,9.32083344459534,2348.5,292.5,96.25,32.8980875015259,761,316.75,705,412.5
MIcon-NI-NI5S03,Izu islands,NI,NI5,Miscanthus sinensis var. condensatus,Island,34.39347,139.26564,0.242598254339365,16.3760418891907,5.55624985694885,25.255039691925,575.376663208008,27.4000000953674,5.39999997615814,22,22.1624994277954,9.82499980926514,23.6791663169861,9.32083344459534,2348.5,292.5,96.25,32.8980875015259,761,316.75,705,412.5
MIcon-NI-NI5S04,Izu islands,NI,NI5,Miscanthus sinensis var. condensatus,Island,34.39347,139.26564,0.242598254339365,16.3760418891907,5.55624985694885,25.255039691925,575.376663208008,27.4000000953674,5.39999997615814,22,22.1624994277954,9.82499980926514,23.6791663169861,9.32083344459534,2348.5,292.5,96.25,32.8980875015259,761,316.75,705,412.5
MIcon-NI-NI5S05,Izu islands,NI,NI5,Miscanthus sinensis var. condensatus,Island,34.39347,139.26564,0.242598254339365,16.3760418891907,5.55624985694885,25.255039691925,575.376663208008,27.4000000953674,5.39999997615814,22,22.1624994277954,9.82499980926514,23.6791663169861,9.32083344459534,2348.5,292.5,96.25,32.8980875015259,761,316.75,705,412.5
MIcon-NI-NI5S06,Izu islands,NI,NI5,Miscanthus sinensis var. condensatus,Island,34.39347,139.26564,0.242598254339365,16.3760418891907,5.55624985694885,25.255039691925,575.376663208008,27.4000000953674,5.39999997615814,22,22.1624994277954,9.82499980926514,23.6791663169861,9.32083344459534,2348.5,292.5,96.25,32.8980875015259,761,316.75,705,412.5
MIcon-NI-NI5S07,Izu islands,NI,NI5,Miscanthus sinensis var. condensatus,Island,34.39347,139.26564,0.242598254339365,16.3760418891907,5.55624985694885,25.255039691925,575.376663208008,27.4000000953674,5.39999997615814,22,22.1624994277954,9.82499980926514,23.6791663169861,9.32083344459534,2348.5,292.5,96.25,32.8980875015259,761,316.75,705,412.5
MIcon-NI-NI5S08,Izu islands,NI,NI5,Miscanthus sinensis var. condensatus,Island,34.39347,139.26564,0.242598254339365,16.3760418891907,5.55624985694885,25.255039691925,575.376663208008,27.4000000953674,5.39999997615814,22,22.1624994277954,9.82499980926514,23.6791663169861,9.32083344459534,2348.5,292.5,96.25,32.8980875015259,761,316.75,705,412.5
MIcon-NI-NI2S01,Izu islands,NI,NI2,Miscanthus sinensis var. condensatus,Island,34.42427,139.28229,1.37280084383211,16.9208335876465,5.3250002861023,24.8831787109375,562.261901855469,27.7000007629395,6.30000019073486,21.4000015258789,22.6333332061768,10.5666666030884,24.1000003814697,10.0500001907349,2315,289,98,31.8174591064453,736,322,675,417
MIcon-NI-NI2S02,Izu islands,NI,NI2,Miscanthus sinensis var. condensatus,Island,34.42427,139.28229,1.37280084383211,16.9208335876465,5.3250002861023,24.8831787109375,562.261901855469,27.7000007629395,6.30000019073486,21.4000015258789,22.6333332061768,10.5666666030884,24.1000003814697,10.0500001907349,2315,289,98,31.8174591064453,736,322,675,417
MIcon-NI-NI2S03,Izu islands,NI,NI2,Miscanthus sinensis var. condensatus,Island,34.42427,139.28229,1.37280084383211,16.9208335876465,5.3250002861023,24.8831787109375,562.261901855469,27.7000007629395,6.30000019073486,21.4000015258789,22.6333332061768,10.5666666030884,24.1000003814697,10.0500001907349,2315,289,98,31.8174591064453,736,322,675,417
MIcon-NI-NI2S04,Izu islands,NI,NI2,Miscanthus sinensis var. condensatus,Island,34.42427,139.28229,1.37280084383211,16.9208335876465,5.3250002861023,24.8831787109375,562.261901855469,27.7000007629395,6.30000019073486,21.4000015258789,22.6333332061768,10.5666666030884,24.1000003814697,10.0500001907349,2315,289,98,31.8174591064453,736,322,675,417
MIcon-NI-NI2S05,Izu islands,NI,NI2,Miscanthus sinensis var. condensatus,Island,34.42427,139.28229,1.37280084383211,16.9208335876465,5.3250002861023,24.8831787109375,562.261901855469,27.7000007629395,6.30000019073486,21.4000015258789,22.6333332061768,10.5666666030884,24.1000003814697,10.0500001907349,2315,289,98,31.8174591064453,736,322,675,417
MIcon-NI-NI2S06,Izu islands,NI,NI2,Miscanthus sinensis var. condensatus,Island,34.42427,139.28229,1.37280084383211,16.9208335876465,5.3250002861023,24.8831787109375,562.261901855469,27.7000007629395,6.30000019073486,21.4000015258789,22.6333332061768,10.5666666030884,24.1000003814697,10.0500001907349,2315,289,98,31.8174591064453,736,322,675,417
MIcon-NI-NI2S07,Izu islands,NI,NI2,Miscanthus sinensis var. condensatus,Island,34.42427,139.28229,1.37280084383211,16.9208335876465,5.3250002861023,24.8831787109375,562.261901855469,27.7000007629395,6.30000019073486,21.4000015258789,22.6333332061768,10.5666666030884,24.1000003814697,10.0500001907349,2315,289,98,31.8174591064453,736,322,675,417
MIcon-NI-NI2S08,Izu islands,NI,NI2,Miscanthus sinensis var. condensatus,Island,34.42427,139.28229,1.37280084383211,16.9208335876465,5.3250002861023,24.8831787109375,562.261901855469,27.7000007629395,6.30000019073486,21.4000015258789,22.6333332061768,10.5666666030884,24.1000003814697,10.0500001907349,2315,289,98,31.8174591064453,736,322,675,417
MIcon-MUR-MUR03S01,Miura Peninsula,MUR,MUR3,Miscanthus sinensis var. condensatus,Seashore,35.303762999999996,139.530312,0.0503562444697593,15.5222222010295,7.92777760823568,27.5266590118408,743.74131266276,30,1.20000000794729,28.7999998728434,22.3944447835286,6.51666673024495,24.7277774810791,6.51666673024495,1732.66666666667,223.333333333333,56.6666666666667,38.8373794555664,584,199,544.333333333333,199
MIcon-MUR-MUR03S02,Miura Peninsula,MUR,MUR3,Miscanthus sinensis var. condensatus,Seashore,35.303762999999996,139.530312,0.0503562444697593,15.5222222010295,7.92777760823568,27.5266590118408,743.74131266276,30,1.20000000794729,28.7999998728434,22.3944447835286,6.51666673024495,24.7277774810791,6.51666673024495,1732.66666666667,223.333333333333,56.6666666666667,38.8373794555664,584,199,544.333333333333,199
MIcon-MUR-MUR03S03,Miura Peninsula,MUR,MUR3,Miscanthus sinensis var. condensatus,Seashore,35.303762999999996,139.530312,0.0503562444697593,15.5222222010295,7.92777760823568,27.5266590118408,743.74131266276,30,1.20000000794729,28.7999998728434,22.3944447835286,6.51666673024495,24.7277774810791,6.51666673024495,1732.66666666667,223.333333333333,56.6666666666667,38.8373794555664,584,199,544.333333333333,199
MIcon-MUR-MUR03S04,Miura Peninsula,MUR,MUR3,Miscanthus sinensis var. condensatus,Seashore,35.303762999999996,139.530312,0.0503562444697593,15.5222222010295,7.92777760823568,27.5266590118408,743.74131266276,30,1.20000000794729,28.7999998728434,22.3944447835286,6.51666673024495,24.7277774810791,6.51666673024495,1732.66666666667,223.333333333333,56.6666666666667,38.8373794555664,584,199,544.333333333333,199
MIcon-MUR-MUR03S05,Miura Peninsula,MUR,MUR3,Miscanthus sinensis var. condensatus,Seashore,35.303762999999996,139.530312,0.0503562444697593,15.5222222010295,7.92777760823568,27.5266590118408,743.74131266276,30,1.20000000794729,28.7999998728434,22.3944447835286,6.51666673024495,24.7277774810791,6.51666673024495,1732.66666666667,223.333333333333,56.6666666666667,38.8373794555664,584,199,544.333333333333,199
MIcon-MUR-MUR03S06,Miura Peninsula,MUR,MUR3,Miscanthus sinensis var. condensatus,Seashore,35.303762999999996,139.530312,0.0503562444697593,15.5222222010295,7.92777760823568,27.5266590118408,743.74131266276,30,1.20000000794729,28.7999998728434,22.3944447835286,6.51666673024495,24.7277774810791,6.51666673024495,1732.66666666667,223.333333333333,56.6666666666667,38.8373794555664,584,199,544.333333333333,199
MIcon-MUR-MUR03S07,Miura Peninsula,MUR,MUR3,Miscanthus sinensis var. condensatus,Seashore,35.303762999999996,139.530312,0.0503562444697593,15.5222222010295,7.92777760823568,27.5266590118408,743.74131266276,30,1.20000000794729,28.7999998728434,22.3944447835286,6.51666673024495,24.7277774810791,6.51666673024495,1732.66666666667,223.333333333333,56.6666666666667,38.8373794555664,584,199,544.333333333333,199
MIcon-MUR-MUR03S08,Miura Peninsula,MUR,MUR3,Miscanthus sinensis var. condensatus,Seashore,35.303762999999996,139.530312,0.0503562444697593,15.5222222010295,7.92777760823568,27.5266590118408,743.74131266276,30,1.20000000794729,28.7999998728434,22.3944447835286,6.51666673024495,24.7277774810791,6.51666673024495,1732.66666666667,223.333333333333,56.6666666666667,38.8373794555664,584,199,544.333333333333,199
MIcon-MUR-MUR02S01,Miura Peninsula,MUR,MUR2,Miscanthus sinensis var. condensatus,Seashore,35.130844,139.62802,0.21395458448487,16.8916664123535,5.99999952316284,25,621.394470214844,29.2999992370605,5.30000019073486,24,23.1166667938232,10.0666666030884,24.9333343505859,9.44999980926514,1791,226,65,35.4937629699707,583,228,525,315
MIcon-MUR-MUR02S03,Miura Peninsula,MUR,MUR2,Miscanthus sinensis var. condensatus,Seashore,35.130844,139.62802,0.21395458448487,16.8916664123535,5.99999952316284,25,621.394470214844,29.2999992370605,5.30000019073486,24,23.1166667938232,10.0666666030884,24.9333343505859,9.44999980926514,1791,226,65,35.4937629699707,583,228,525,315
MIcon-MUR-MUR02S04,Miura Peninsula,MUR,MUR2,Miscanthus sinensis var. condensatus,Seashore,35.130844,139.62802,0.21395458448487,16.8916664123535,5.99999952316284,25,621.394470214844,29.2999992370605,5.30000019073486,24,23.1166667938232,10.0666666030884,24.9333343505859,9.44999980926514,1791,226,65,35.4937629699707,583,228,525,315
MIcon-MUR-MUR02S05,Miura Peninsula,MUR,MUR2,Miscanthus sinensis var. condensatus,Seashore,35.130844,139.62802,0.21395458448487,16.8916664123535,5.99999952316284,25,621.394470214844,29.2999992370605,5.30000019073486,24,23.1166667938232,10.0666666030884,24.9333343505859,9.44999980926514,1791,226,65,35.4937629699707,583,228,525,315
MIcon-MUR-MUR02S07,Miura Peninsula,MUR,MUR2,Miscanthus sinensis var. condensatus,Seashore,35.130844,139.62802,0.21395458448487,16.8916664123535,5.99999952316284,25,621.394470214844,29.2999992370605,5.30000019073486,24,23.1166667938232,10.0666666030884,24.9333343505859,9.44999980926514,1791,226,65,35.4937629699707,583,228,525,315
MIcon-MUR-MUR02S08,Miura Peninsula,MUR,MUR2,Miscanthus sinensis var. condensatus,Seashore,35.130844,139.62802,0.21395458448487,16.8916664123535,5.99999952316284,25,621.394470214844,29.2999992370605,5.30000019073486,24,23.1166667938232,10.0666666030884,24.9333343505859,9.44999980926514,1791,226,65,35.4937629699707,583,228,525,315
MIcon-MIY-MIY07S01,Izu islands,MIY,MIY7,Miscanthus sinensis var. condensatus,Island,34.07805,139.517211,2.37387932585957,15.527083158493,6.65833342075348,28.0642590522766,611.105377197266,27.1500000953674,3.42500001192093,23.7249999046326,21.5374999046326,8.2666666507721,23.1666665077209,8.0625,2676.5,322,121.25,31.1766715049744,875,388.25,772.5,479.75
MIcon-MIY-MIY07S02,Izu islands,MIY,MIY7,Miscanthus sinensis var. condensatus,Island,34.07805,139.517211,2.37387932585957,15.527083158493,6.65833342075348,28.0642590522766,611.105377197266,27.1500000953674,3.42500001192093,23.7249999046326,21.5374999046326,8.2666666507721,23.1666665077209,8.0625,2676.5,322,121.25,31.1766715049744,875,388.25,772.5,479.75
MIcon-MIY-MIY07S03,Izu islands,MIY,MIY7,Miscanthus sinensis var. condensatus,Island,34.07805,139.517211,2.37387932585957,15.527083158493,6.65833342075348,28.0642590522766,611.105377197266,27.1500000953674,3.42500001192093,23.7249999046326,21.5374999046326,8.2666666507721,23.1666665077209,8.0625,2676.5,322,121.25,31.1766715049744,875,388.25,772.5,479.75
MIcon-MIY-MIY07S04,Izu islands,MIY,MIY7,Miscanthus sinensis var. condensatus,Island,34.07805,139.517211,2.37387932585957,15.527083158493,6.65833342075348,28.0642590522766,611.105377197266,27.1500000953674,3.42500001192093,23.7249999046326,21.5374999046326,8.2666666507721,23.1666665077209,8.0625,2676.5,322,121.25,31.1766715049744,875,388.25,772.5,479.75
MIcon-MIY-MIY07S05,Izu islands,MIY,MIY7,Miscanthus sinensis var. condensatus,Island,34.07805,139.517211,2.37387932585957,15.527083158493,6.65833342075348,28.0642590522766,611.105377197266,27.1500000953674,3.42500001192093,23.7249999046326,21.5374999046326,8.2666666507721,23.1666665077209,8.0625,2676.5,322,121.25,31.1766715049744,875,388.25,772.5,479.75
MIcon-MIY-MIY07S06,Izu islands,MIY,MIY7,Miscanthus sinensis var. condensatus,Island,34.07805,139.517211,2.37387932585957,15.527083158493,6.65833342075348,28.0642590522766,611.105377197266,27.1500000953674,3.42500001192093,23.7249999046326,21.5374999046326,8.2666666507721,23.1666665077209,8.0625,2676.5,322,121.25,31.1766715049744,875,388.25,772.5,479.75
MIcon-MIY-MIY07S07,Izu islands,MIY,MIY7,Miscanthus sinensis var. condensatus,Island,34.07805,139.517211,2.37387932585957,15.527083158493,6.65833342075348,28.0642590522766,611.105377197266,27.1500000953674,3.42500001192093,23.7249999046326,21.5374999046326,8.2666666507721,23.1666665077209,8.0625,2676.5,322,121.25,31.1766715049744,875,388.25,772.5,479.75
MIcon-MIY-MIY07S08,Izu islands,MIY,MIY7,Miscanthus sinensis var. condensatus,Island,34.07805,139.517211,2.37387932585957,15.527083158493,6.65833342075348,28.0642590522766,611.105377197266,27.1500000953674,3.42500001192093,23.7249999046326,21.5374999046326,8.2666666507721,23.1666665077209,8.0625,2676.5,322,121.25,31.1766715049744,875,388.25,772.5,479.75
MIcon-MIY-MIY650S02,Izu islands,MIY,MIY650,Miscanthus sinensis var. condensatus,Island,34.079301,139.554776,1.35928503599996,17.4891666412354,5.85833330154419,26.3144729614258,582.249475097656,28.6,6.33999996185303,22.2599998474121,21.4133335113525,10.6800001144409,24.8366664886475,10.3866666793823,2753.6,331.6,130.8,29.5671203613281,881.4,423.4,744,523.8
MIcon-MIY-MIY650S03,Izu islands,MIY,MIY650,Miscanthus sinensis var. condensatus,Island,34.079301,139.554776,1.35928503599996,17.4891666412354,5.85833330154419,26.3144729614258,582.249475097656,28.6,6.33999996185303,22.2599998474121,21.4133335113525,10.6800001144409,24.8366664886475,10.3866666793823,2753.6,331.6,130.8,29.5671203613281,881.4,423.4,744,523.8
MIcon-MIY-MIY650S04,Izu islands,MIY,MIY650,Miscanthus sinensis var. condensatus,Island,34.079301,139.554776,1.35928503599996,17.4891666412354,5.85833330154419,26.3144729614258,582.249475097656,28.6,6.33999996185303,22.2599998474121,21.4133335113525,10.6800001144409,24.8366664886475,10.3866666793823,2753.6,331.6,130.8,29.5671203613281,881.4,423.4,744,523.8
MIcon-MIY-MIY650S05,Izu islands,MIY,MIY650,Miscanthus sinensis var. condensatus,Island,34.079301,139.554776,1.35928503599996,17.4891666412354,5.85833330154419,26.3144729614258,582.249475097656,28.6,6.33999996185303,22.2599998474121,21.4133335113525,10.6800001144409,24.8366664886475,10.3866666793823,2753.6,331.6,130.8,29.5671203613281,881.4,423.4,744,523.8
MIcon-MIY-MIY650S06,Izu islands,MIY,MIY650,Miscanthus sinensis var. condensatus,Island,34.079301,139.554776,1.35928503599996,17.4891666412354,5.85833330154419,26.3144729614258,582.249475097656,28.6,6.33999996185303,22.2599998474121,21.4133335113525,10.6800001144409,24.8366664886475,10.3866666793823,2753.6,331.6,130.8,29.5671203613281,881.4,423.4,744,523.8
MIcon-MIY-MIY650S07,Izu islands,MIY,MIY650,Miscanthus sinensis var. condensatus,Island,34.079301,139.554776,1.35928503599996,17.4891666412354,5.85833330154419,26.3144729614258,582.249475097656,28.6,6.33999996185303,22.2599998474121,21.4133335113525,10.6800001144409,24.8366664886475,10.3866666793823,2753.6,331.6,130.8,29.5671203613281,881.4,423.4,744,523.8
MIcon-MIY-MIY650S08,Izu islands,MIY,MIY650,Miscanthus sinensis var. condensatus,Island,34.079301,139.554776,1.35928503599996,17.4891666412354,5.85833330154419,26.3144729614258,582.249475097656,28.6,6.33999996185303,22.2599998474121,21.4133335113525,10.6800001144409,24.8366664886475,10.3866666793823,2753.6,331.6,130.8,29.5671203613281,881.4,423.4,744,523.8
MIcon-MIY-MIY06S01,Izu islands,MIY,MIY6,Miscanthus sinensis var. condensatus,Island,34.11375,139.49025,2.04859738304414,17.1458339691162,6.35833311080933,27.0567359924316,618.372009277344,28.7000007629395,5.19999980926514,23.5,19.8333339691162,9.73333358764648,24.8666667938232,9.63333320617676,2743,326,134,28.6987686157227,870,431,732,530
MIcon-MIY-MIY06S07,Izu islands,MIY,MIY6,Miscanthus sinensis var. condensatus,Island,34.11375,139.49025,2.04859738304414,17.1458339691162,6.35833311080933,27.0567359924316,618.372009277344,28.7000007629395,5.19999980926514,23.5,19.8333339691162,9.73333358764648,24.8666667938232,9.63333320617676,2743,326,134,28.6987686157227,870,431,732,530
MIcon-MIY-MIY06S08,Izu islands,MIY,MIY6,Miscanthus sinensis var. condensatus,Island,34.11375,139.49025,2.04859738304414,17.1458339691162,6.35833311080933,27.0567359924316,618.372009277344,28.7000007629395,5.19999980926514,23.5,19.8333339691162,9.73333358764648,24.8666667938232,9.63333320617676,2743,326,134,28.6987686157227,870,431,732,530
MIcon-MIY-MIY439S02,Izu islands,MIY,MIY439,Miscanthus sinensis var. condensatus,Island,34.098594,139.532518,1.56064182294202,15.7906255722046,6.2645834684372,26.9118957519531,607.132751464844,27.300000667572,4.02499997615814,23.2750000953674,21.7583336830139,8.60416674613953,23.4000000953674,8.37083339691162,2660.75,318,120.5,31.253321647644,870.25,387.75,758.75,481.5
MIcon-MIY-MIY439S05,Izu islands,MIY,MIY439,Miscanthus sinensis var. condensatus,Island,34.098594,139.532518,1.56064182294202,15.7906255722046,6.2645834684372,26.9118957519531,607.132751464844,27.300000667572,4.02499997615814,23.2750000953674,21.7583336830139,8.60416674613953,23.4000000953674,8.37083339691162,2660.75,318,120.5,31.253321647644,870.25,387.75,758.75,481.5
MIcon-MIY-MIY431S02,Izu islands,MIY,MIY431,Miscanthus sinensis var. condensatus,Island,34.093376,139.532011,2.13398435378698,15.2197918891907,6.47708332538605,27.558554649353,607.415161132812,26.8000001907349,3.29999995231628,23.5,21.1833333969116,8.04999995231628,22.8291668891907,7.77916657924652,2655,319.5,117.75,31.9853863716125,879,379,774.75,470
MIcon-MIY-MIY03S07,Izu islands,MIY,MIY3,Miscanthus sinensis var. condensatus,Island,34.10081667,139.491133,0.883546146680593,16.9041662216187,6.41666650772095,27.2467384338379,617.749481201172,28.5,4.94999980926514,23.5499992370605,21.2916669845581,9.49166679382324,24.6166667938232,9.39166688919067,2726.5,323,131,29.2341432571411,865.5,421,738,519.5
MIcon-MIY-MIY03S08,Izu islands,MIY,MIY3,Miscanthus sinensis var. condensatus,Island,34.10081667,139.491133,0.883546146680593,16.9041662216187,6.41666650772095,27.2467384338379,617.749481201172,28.5,4.94999980926514,23.5499992370605,21.2916669845581,9.49166679382324,24.6166667938232,9.39166688919067,2726.5,323,131,29.2341432571411,865.5,421,738,519.5
MIcon-KOZ-KOZ621S01,Izu islands,KOZ,KOZ621,Miscanthus sinensis var. condensatus,Island,34.220716,139.151899,15.554182811674,16.2249994277954,5.58999977111816,25.3843509674072,575.037951660156,27.1799999237061,5.15999994277954,22.0200000762939,21.9833335876465,9.62666645050049,23.5100002288818,9.16333351135254,2481.6,310.4,103,33.4292091369629,812.4,333.4,747.6,428
MIcon-KOZ-KOZ621S02,Izu islands,KOZ,KOZ621,Miscanthus sinensis var. condensatus,Island,34.220716,139.151899,15.554182811674,16.2249994277954,5.58999977111816,25.3843509674072,575.037951660156,27.1799999237061,5.15999994277954,22.0200000762939,21.9833335876465,9.62666645050049,23.5100002288818,9.16333351135254,2481.6,310.4,103,33.4292091369629,812.4,333.4,747.6,428
MIcon-KOZ-KOZ621S03,Izu islands,KOZ,KOZ621,Miscanthus sinensis var. condensatus,Island,34.220716,139.151899,15.554182811674,16.2249994277954,5.58999977111816,25.3843509674072,575.037951660156,27.1799999237061,5.15999994277954,22.0200000762939,21.9833335876465,9.62666645050049,23.5100002288818,9.16333351135254,2481.6,310.4,103,33.4292091369629,812.4,333.4,747.6,428
MIcon-KOZ-KOZ621S04,Izu islands,KOZ,KOZ621,Miscanthus sinensis var. condensatus,Island,34.220716,139.151899,15.554182811674,16.2249994277954,5.58999977111816,25.3843509674072,575.037951660156,27.1799999237061,5.15999994277954,22.0200000762939,21.9833335876465,9.62666645050049,23.5100002288818,9.16333351135254,2481.6,310.4,103,33.4292091369629,812.4,333.4,747.6,428
MIcon-KOZ-KOZ621S05,Izu islands,KOZ,KOZ621,Miscanthus sinensis var. condensatus,Island,34.220716,139.151899,15.554182811674,16.2249994277954,5.58999977111816,25.3843509674072,575.037951660156,27.1799999237061,5.15999994277954,22.0200000762939,21.9833335876465,9.62666645050049,23.5100002288818,9.16333351135254,2481.6,310.4,103,33.4292091369629,812.4,333.4,747.6,428
MIcon-KOZ-KOZ621S06,Izu islands,KOZ,KOZ621,Miscanthus sinensis var. condensatus,Island,34.220716,139.151899,15.554182811674,16.2249994277954,5.58999977111816,25.3843509674072,575.037951660156,27.1799999237061,5.15999994277954,22.0200000762939,21.9833335876465,9.62666645050049,23.5100002288818,9.16333351135254,2481.6,310.4,103,33.4292091369629,812.4,333.4,747.6,428
MIcon-KOZ-KOZ621S07,Izu islands,KOZ,KOZ621,Miscanthus sinensis var. condensatus,Island,34.220716,139.151899,15.554182811674,16.2249994277954,5.58999977111816,25.3843509674072,575.037951660156,27.1799999237061,5.15999994277954,22.0200000762939,21.9833335876465,9.62666645050049,23.5100002288818,9.16333351135254,2481.6,310.4,103,33.4292091369629,812.4,333.4,747.6,428
MIcon-KOZ-KOZ621S08,Izu islands,KOZ,KOZ621,Miscanthus sinensis var. condensatus,Island,34.220716,139.151899,15.554182811674,16.2249994277954,5.58999977111816,25.3843509674072,575.037951660156,27.1799999237061,5.15999994277954,22.0200000762939,21.9833335876465,9.62666645050049,23.5100002288818,9.16333351135254,2481.6,310.4,103,33.4292091369629,812.4,333.4,747.6,428
MIcon-KOZ-KOZ591S01,Izu islands,KOZ,KOZ591,Miscanthus sinensis var. condensatus,Island,34.239179,139.142075,14.828984697765,17.1520833969116,5.27083301544189,24.0132474899292,586.235870361328,28.1000003814697,6.14999985694885,21.9499998092651,23.0249996185303,10.3333330154419,24.5500001907349,9.97499990463257,2412,302.5,105.5,31.5391712188721,761.5,340,690.5,434.5
MIcon-KOZ-KOZ591S02,Izu islands,KOZ,KOZ591,Miscanthus sinensis var. condensatus,Island,34.239179,139.142075,14.828984697765,17.1520833969116,5.27083301544189,24.0132474899292,586.235870361328,28.1000003814697,6.14999985694885,21.9499998092651,23.0249996185303,10.3333330154419,24.5500001907349,9.97499990463257,2412,302.5,105.5,31.5391712188721,761.5,340,690.5,434.5
MIcon-KOZ-KOZ591S03,Izu islands,KOZ,KOZ591,Miscanthus sinensis var. condensatus,Island,34.239179,139.142075,14.828984697765,17.1520833969116,5.27083301544189,24.0132474899292,586.235870361328,28.1000003814697,6.14999985694885,21.9499998092651,23.0249996185303,10.3333330154419,24.5500001907349,9.97499990463257,2412,302.5,105.5,31.5391712188721,761.5,340,690.5,434.5
MIcon-KOZ-KOZ591S04,Izu islands,KOZ,KOZ591,Miscanthus sinensis var. condensatus,Island,34.239179,139.142075,14.828984697765,17.1520833969116,5.27083301544189,24.0132474899292,586.235870361328,28.1000003814697,6.14999985694885,21.9499998092651,23.0249996185303,10.3333330154419,24.5500001907349,9.97499990463257,2412,302.5,105.5,31.5391712188721,761.5,340,690.5,434.5
MIcon-KOZ-KOZ591S05,Izu islands,KOZ,KOZ591,Miscanthus sinensis var. condensatus,Island,34.239179,139.142075,14.828984697765,17.1520833969116,5.27083301544189,24.0132474899292,586.235870361328,28.1000003814697,6.14999985694885,21.9499998092651,23.0249996185303,10.3333330154419,24.5500001907349,9.97499990463257,2412,302.5,105.5,31.5391712188721,761.5,340,690.5,434.5
MIcon-KOZ-KOZ591S06,Izu islands,KOZ,KOZ591,Miscanthus sinensis var. condensatus,Island,34.239179,139.142075,14.828984697765,17.1520833969116,5.27083301544189,24.0132474899292,586.235870361328,28.1000003814697,6.14999985694885,21.9499998092651,23.0249996185303,10.3333330154419,24.5500001907349,9.97499990463257,2412,302.5,105.5,31.5391712188721,761.5,340,690.5,434.5
MIcon-KOZ-KOZ591S07,Izu islands,KOZ,KOZ591,Miscanthus sinensis var. condensatus,Island,34.239179,139.142075,14.828984697765,17.1520833969116,5.27083301544189,24.0132474899292,586.235870361328,28.1000003814697,6.14999985694885,21.9499998092651,23.0249996185303,10.3333330154419,24.5500001907349,9.97499990463257,2412,302.5,105.5,31.5391712188721,761.5,340,690.5,434.5
MIcon-KOZ-KOZ591S08,Izu islands,KOZ,KOZ591,Miscanthus sinensis var. condensatus,Island,34.239179,139.142075,14.828984697765,17.1520833969116,5.27083301544189,24.0132474899292,586.235870361328,28.1000003814697,6.14999985694885,21.9499998092651,23.0249996185303,10.3333330154419,24.5500001907349,9.97499990463257,2412,302.5,105.5,31.5391712188721,761.5,340,690.5,434.5
MIcon-ISU-ISU05S01,Izu Peninsula,ISU,ISU5,Miscanthus sinensis var. condensatus,Seashore,34.654772,138.974512,0.81027200145604406,16.6624997456868,5.56388886769613,23.8785800933838,624.983968098958,28.3999996185303,5.10000006357829,23.2999992370605,23.7166665395101,9.35555585225423,24.5555553436279,9.07222239176432,1968.66666666667,260,72.6666666666667,36.8432782491048,666.333333333333,239.333333333333,635.666666666667,323.333333333333
MIcon-ISU-ISU05S02,Izu Peninsula,ISU,ISU5,Miscanthus sinensis var. condensatus,Seashore,34.654772,138.974512,0.81027200145604406,16.6624997456868,5.56388886769613,23.8785800933838,624.983968098958,28.3999996185303,5.10000006357829,23.2999992370605,23.7166665395101,9.35555585225423,24.5555553436279,9.07222239176432,1968.66666666667,260,72.6666666666667,36.8432782491048,666.333333333333,239.333333333333,635.666666666667,323.333333333333
MIcon-ISU-ISU05S03,Izu Peninsula,ISU,ISU5,Miscanthus sinensis var. condensatus,Seashore,34.654772,138.974512,0.81027200145604406,16.6624997456868,5.56388886769613,23.8785800933838,624.983968098958,28.3999996185303,5.10000006357829,23.2999992370605,23.7166665395101,9.35555585225423,24.5555553436279,9.07222239176432,1968.66666666667,260,72.6666666666667,36.8432782491048,666.333333333333,239.333333333333,635.666666666667,323.333333333333
MIcon-ISU-ISU05S04,Izu Peninsula,ISU,ISU5,Miscanthus sinensis var. condensatus,Seashore,34.654772,138.974512,0.81027200145604406,16.6624997456868,5.56388886769613,23.8785800933838,624.983968098958,28.3999996185303,5.10000006357829,23.2999992370605,23.7166665395101,9.35555585225423,24.5555553436279,9.07222239176432,1968.66666666667,260,72.6666666666667,36.8432782491048,666.333333333333,239.333333333333,635.666666666667,323.333333333333
MIcon-ISU-ISU05S05,Izu Peninsula,ISU,ISU5,Miscanthus sinensis var. condensatus,Seashore,34.654772,138.974512,0.81027200145604406,16.6624997456868,5.56388886769613,23.8785800933838,624.983968098958,28.3999996185303,5.10000006357829,23.2999992370605,23.7166665395101,9.35555585225423,24.5555553436279,9.07222239176432,1968.66666666667,260,72.6666666666667,36.8432782491048,666.333333333333,239.333333333333,635.666666666667,323.333333333333
MIcon-ISU-ISU05S06,Izu Peninsula,ISU,ISU5,Miscanthus sinensis var. condensatus,Seashore,34.654772,138.974512,0.81027200145604406,16.6624997456868,5.56388886769613,23.8785800933838,624.983968098958,28.3999996185303,5.10000006357829,23.2999992370605,23.7166665395101,9.35555585225423,24.5555553436279,9.07222239176432,1968.66666666667,260,72.6666666666667,36.8432782491048,666.333333333333,239.333333333333,635.666666666667,323.333333333333
MIcon-ISU-ISU05S07,Izu Peninsula,ISU,ISU5,Miscanthus sinensis var. condensatus,Seashore,34.654772,138.974512,0.81027200145604406,16.6624997456868,5.56388886769613,23.8785800933838,624.983968098958,28.3999996185303,5.10000006357829,23.2999992370605,23.7166665395101,9.35555585225423,24.5555553436279,9.07222239176432,1968.66666666667,260,72.6666666666667,36.8432782491048,666.333333333333,239.333333333333,635.666666666667,323.333333333333
MIcon-ISU-ISU05S08,Izu Peninsula,ISU,ISU5,Miscanthus sinensis var. condensatus,Seashore,34.654772,138.974512,0.81027200145604406,16.6624997456868,5.56388886769613,23.8785800933838,624.983968098958,28.3999996185303,5.10000006357829,23.2999992370605,23.7166665395101,9.35555585225423,24.5555553436279,9.07222239176432,1968.66666666667,260,72.6666666666667,36.8432782491048,666.333333333333,239.333333333333,635.666666666667,323.333333333333
MIcon-ISU-ISU02S01,Izu Peninsula,ISU,ISU2,Miscanthus sinensis var. sinensis,Inland,34.90721667,139.0929167,4.99058474227377,14.7124998569489,7.10000014305115,26.843493938446,687.292419433594,27.9250001907349,1.47499999403954,26.4500002861023,22.2875003814697,6.50416660308838,23.2874999046326,6.43333339691162,1961.75,251.25,65,40.3393430709839,683.25,222.25,677.75,306
MIcon-ISU-ISU02S02,Izu Peninsula,ISU,ISU2,Miscanthus sinensis var. sinensis,Inland,34.90721667,139.0929167,4.99058474227377,14.7124998569489,7.10000014305115,26.843493938446,687.292419433594,27.9250001907349,1.47499999403954,26.4500002861023,22.2875003814697,6.50416660308838,23.2874999046326,6.43333339691162,1961.75,251.25,65,40.3393430709839,683.25,222.25,677.75,306
MIcon-ISU-ISU02S03,Izu Peninsula,ISU,ISU2,Miscanthus sinensis var. sinensis,Inland,34.90721667,139.0929167,4.99058474227377,14.7124998569489,7.10000014305115,26.843493938446,687.292419433594,27.9250001907349,1.47499999403954,26.4500002861023,22.2875003814697,6.50416660308838,23.2874999046326,6.43333339691162,1961.75,251.25,65,40.3393430709839,683.25,222.25,677.75,306
MIcon-ISU-ISU02S04,Izu Peninsula,ISU,ISU2,Miscanthus sinensis var. sinensis,Inland,34.90721667,139.0929167,4.99058474227377,14.7124998569489,7.10000014305115,26.843493938446,687.292419433594,27.9250001907349,1.47499999403954,26.4500002861023,22.2875003814697,6.50416660308838,23.2874999046326,6.43333339691162,1961.75,251.25,65,40.3393430709839,683.25,222.25,677.75,306
MIcon-ISU-ISU02S05,Izu Peninsula,ISU,ISU2,Miscanthus sinensis var. sinensis,Inland,34.90721667,139.0929167,4.99058474227377,14.7124998569489,7.10000014305115,26.843493938446,687.292419433594,27.9250001907349,1.47499999403954,26.4500002861023,22.2875003814697,6.50416660308838,23.2874999046326,6.43333339691162,1961.75,251.25,65,40.3393430709839,683.25,222.25,677.75,306
MIcon-ISU-ISU02S06,Izu Peninsula,ISU,ISU2,Miscanthus sinensis var. sinensis,Inland,34.90721667,139.0929167,4.99058474227377,14.7124998569489,7.10000014305115,26.843493938446,687.292419433594,27.9250001907349,1.47499999403954,26.4500002861023,22.2875003814697,6.50416660308838,23.2874999046326,6.43333339691162,1961.75,251.25,65,40.3393430709839,683.25,222.25,677.75,306
MIcon-ISU-ISU02S07,Izu Peninsula,ISU,ISU2,Miscanthus sinensis var. sinensis,Inland,34.90721667,139.0929167,4.99058474227377,14.7124998569489,7.10000014305115,26.843493938446,687.292419433594,27.9250001907349,1.47499999403954,26.4500002861023,22.2875003814697,6.50416660308838,23.2874999046326,6.43333339691162,1961.75,251.25,65,40.3393430709839,683.25,222.25,677.75,306
MIcon-ISU-ISU02S08,Izu Peninsula,ISU,ISU2,Miscanthus sinensis var. sinensis,Inland,34.90721667,139.0929167,4.99058474227377,14.7124998569489,7.10000014305115,26.843493938446,687.292419433594,27.9250001907349,1.47499999403954,26.4500002861023,22.2875003814697,6.50416660308838,23.2874999046326,6.43333339691162,1961.75,251.25,65,40.3393430709839,683.25,222.25,677.75,306
MIsin-IBR-IBR02S01,Inland,IBR,IBR2,Miscanthus sinensis var. condensatus,Seashore,36.21491667,140.56445,0.56639595398902,13.6208330790202,8.40833346048991,28.7294190724691,740.105326334635,27.8333326975505,-1.43333331743876,29.2666657765706,20.716667175293,4.65555540720622,22.8166662851969,4.65555540720622,1416.33333333333,185,43,40.2010676066081,492.666666666667,165.666666666667,450.666666666667,165.666666666667
MIsin-IBR-IBR02S02,Inland,IBR,IBR2,Miscanthus sinensis var. condensatus,Seashore,36.21491667,140.56445,0.56639595398902,13.6208330790202,8.40833346048991,28.7294190724691,740.105326334635,27.8333326975505,-1.43333331743876,29.2666657765706,20.716667175293,4.65555540720622,22.8166662851969,4.65555540720622,1416.33333333333,185,43,40.2010676066081,492.666666666667,165.666666666667,450.666666666667,165.666666666667
MIsin-IBR-IBR02S03,Inland,IBR,IBR2,Miscanthus sinensis var. condensatus,Seashore,36.21491667,140.56445,0.56639595398902,13.6208330790202,8.40833346048991,28.7294190724691,740.105326334635,27.8333326975505,-1.43333331743876,29.2666657765706,20.716667175293,4.65555540720622,22.8166662851969,4.65555540720622,1416.33333333333,185,43,40.2010676066081,492.666666666667,165.666666666667,450.666666666667,165.666666666667
MIsin-IBR-IBR02S04,Inland,IBR,IBR2,Miscanthus sinensis var. condensatus,Seashore,36.21491667,140.56445,0.56639595398902,13.6208330790202,8.40833346048991,28.7294190724691,740.105326334635,27.8333326975505,-1.43333331743876,29.2666657765706,20.716667175293,4.65555540720622,22.8166662851969,4.65555540720622,1416.33333333333,185,43,40.2010676066081,492.666666666667,165.666666666667,450.666666666667,165.666666666667
MIsin-IBR-IBR02S05,Inland,IBR,IBR2,Miscanthus sinensis var. condensatus,Seashore,36.21491667,140.56445,0.56639595398902,13.6208330790202,8.40833346048991,28.7294190724691,740.105326334635,27.8333326975505,-1.43333331743876,29.2666657765706,20.716667175293,4.65555540720622,22.8166662851969,4.65555540720622,1416.33333333333,185,43,40.2010676066081,492.666666666667,165.666666666667,450.666666666667,165.666666666667
MIsin-IBR-IBR02S06,Inland,IBR,IBR2,Miscanthus sinensis var. condensatus,Seashore,36.21491667,140.56445,0.56639595398902,13.6208330790202,8.40833346048991,28.7294190724691,740.105326334635,27.8333326975505,-1.43333331743876,29.2666657765706,20.716667175293,4.65555540720622,22.8166662851969,4.65555540720622,1416.33333333333,185,43,40.2010676066081,492.666666666667,165.666666666667,450.666666666667,165.666666666667
MIsin-IBR-IBR02S07,Inland,IBR,IBR2,Miscanthus sinensis var. condensatus,Seashore,36.21491667,140.56445,0.56639595398902,13.6208330790202,8.40833346048991,28.7294190724691,740.105326334635,27.8333326975505,-1.43333331743876,29.2666657765706,20.716667175293,4.65555540720622,22.8166662851969,4.65555540720622,1416.33333333333,185,43,40.2010676066081,492.666666666667,165.666666666667,450.666666666667,165.666666666667
MIsin-IBR-IBR02S08,Inland,IBR,IBR2,Miscanthus sinensis var. condensatus,Seashore,36.21491667,140.56445,0.56639595398902,13.6208330790202,8.40833346048991,28.7294190724691,740.105326334635,27.8333326975505,-1.43333331743876,29.2666657765706,20.716667175293,4.65555540720622,22.8166662851969,4.65555540720622,1416.33333333333,185,43,40.2010676066081,492.666666666667,165.666666666667,450.666666666667,165.666666666667
MIsin-HKN-HKN02S04,Inland,HKN,HKN2,Miscanthus sinensis var. sinensis,Inland,35.198909,138.993058,12.6832958534465,11.9187500476837,9.07083320617676,30.6704359054565,736.625885009766,26.5249996185303,-3.05000001192093,29.5749998092651,20.4499998092651,3.10000002384186,21.0291666984558,3,1832.5,266,53.25,48.1964502334595,707.75,183.75,707.25,251.5
MIsin-HKN-HKN02S05,Inland,HKN,HKN2,Miscanthus sinensis var. sinensis,Inland,35.198909,138.993058,12.6832958534465,11.9187500476837,9.07083320617676,30.6704359054565,736.625885009766,26.5249996185303,-3.05000001192093,29.5749998092651,20.4499998092651,3.10000002384186,21.0291666984558,3,1832.5,266,53.25,48.1964502334595,707.75,183.75,707.25,251.5
MIsin-HKN-HKN02S06,Inland,HKN,HKN2,Miscanthus sinensis var. sinensis,Inland,35.198909,138.993058,12.6832958534465,11.9187500476837,9.07083320617676,30.6704359054565,736.625885009766,26.5249996185303,-3.05000001192093,29.5749998092651,20.4499998092651,3.10000002384186,21.0291666984558,3,1832.5,266,53.25,48.1964502334595,707.75,183.75,707.25,251.5
MIsin-HKN-HKN02S07,Inland,HKN,HKN2,Miscanthus sinensis var. sinensis,Inland,35.198909,138.993058,12.6832958534465,11.9187500476837,9.07083320617676,30.6704359054565,736.625885009766,26.5249996185303,-3.05000001192093,29.5749998092651,20.4499998092651,3.10000002384186,21.0291666984558,3,1832.5,266,53.25,48.1964502334595,707.75,183.75,707.25,251.5
MIsin-HKN-HKN02S08,Inland,HKN,HKN2,Miscanthus sinensis var. sinensis,Inland,35.198909,138.993058,12.6832958534465,11.9187500476837,9.07083320617676,30.6704359054565,736.625885009766,26.5249996185303,-3.05000001192093,29.5749998092651,20.4499998092651,3.10000002384186,21.0291666984558,3,1832.5,266,53.25,48.1964502334595,707.75,183.75,707.25,251.5
MIcon-HJ-HJ2S01,Izu islands,HJ,HJ2,Miscanthus sinensis var. condensatus,Island,33.12682,139.81492,0.372965970010108,19.4500007629395,5.16666650772095,25.9631481170654,528.621704101562,29.3999996185303,9.5,19.8999996185303,22.1666679382324,13.25,26.1166667938232,12.9666662216187,2577,330,134,30.930082321167,827,415,638,481
MIcon-HJ-HJ2S02,Izu islands,HJ,HJ2,Miscanthus sinensis var. condensatus,Island,33.12682,139.81492,0.372965970010108,19.4500007629395,5.16666650772095,25.9631481170654,528.621704101562,29.3999996185303,9.5,19.8999996185303,22.1666679382324,13.25,26.1166667938232,12.9666662216187,2577,330,134,30.930082321167,827,415,638,481
MIcon-HJ-HJ2S05,Izu islands,HJ,HJ2,Miscanthus sinensis var. condensatus,Island,33.12682,139.81492,0.372965970010108,19.4500007629395,5.16666650772095,25.9631481170654,528.621704101562,29.3999996185303,9.5,19.8999996185303,22.1666679382324,13.25,26.1166667938232,12.9666662216187,2577,330,134,30.930082321167,827,415,638,481
MIcon-HJ-HJ2S04,Izu islands,HJ,HJ2,Miscanthus sinensis var. condensatus,Island,33.12682,139.81492,0.372965970010108,19.4500007629395,5.16666650772095,25.9631481170654,528.621704101562,29.3999996185303,9.5,19.8999996185303,22.1666679382324,13.25,26.1166667938232,12.9666662216187,2577,330,134,30.930082321167,827,415,638,481
MIcon-HJ-HJ1S04,Izu islands,HJ,HJ1,Miscanthus sinensis var. condensatus,Island,33.10393,139.75867,0.206747106524562,19.0416660308838,5.25,25.4854373931885,551.526123046875,29.2999992370605,8.69999980926514,20.5999984741211,21.783332824707,12.4666662216187,25.9499988555908,12.283332824707,2575,327,135,30.7386035919189,821,417,634,482
MIcon-HJ-HJ1S05,Izu islands,HJ,HJ1,Miscanthus sinensis var. condensatus,Island,33.10393,139.75867,0.206747106524562,19.0416660308838,5.25,25.4854373931885,551.526123046875,29.2999992370605,8.69999980926514,20.5999984741211,21.783332824707,12.4666662216187,25.9499988555908,12.283332824707,2575,327,135,30.7386035919189,821,417,634,482
MIcon-HJ-HJ1S07,Izu islands,HJ,HJ1,Miscanthus sinensis var. condensatus,Island,33.10393,139.75867,0.206747106524562,19.0416660308838,5.25,25.4854373931885,551.526123046875,29.2999992370605,8.69999980926514,20.5999984741211,21.783332824707,12.4666662216187,25.9499988555908,12.283332824707,2575,327,135,30.7386035919189,821,417,634,482
MIsin-FUJ-FUJ02S01,Inland,FUJ,FUJ2,Miscanthus sinensis var. sinensis,Inland,35.503611,138.700278,40.4579773465281,10.5104167461395,10.1749999523163,31.6733679771423,792.735076904297,26.3499999046326,-5.77499997615814,32.1250004768372,20.2250003814697,0.916666723787785,20.2250003814697,0.916666723787785,1574,246.75,37,54.9882612228394,657.25,135.75,657.25,135.75
MIsin-FUJ-FUJ02S02,Inland,FUJ,FUJ2,Miscanthus sinensis var. sinensis,Inland,35.503611,138.700278,40.4579773465281,10.5104167461395,10.1749999523163,31.6733679771423,792.735076904297,26.3499999046326,-5.77499997615814,32.1250004768372,20.2250003814697,0.916666723787785,20.2250003814697,0.916666723787785,1574,246.75,37,54.9882612228394,657.25,135.75,657.25,135.75
MIsin-FUJ-FUJ02S06,Inland,FUJ,FUJ2,Miscanthus sinensis var. sinensis,Inland,35.503611,138.700278,40.4579773465281,10.5104167461395,10.1749999523163,31.6733679771423,792.735076904297,26.3499999046326,-5.77499997615814,32.1250004768372,20.2250003814697,0.916666723787785,20.2250003814697,0.916666723787785,1574,246.75,37,54.9882612228394,657.25,135.75,657.25,135.75
MIsin-FUJ-FUJ02S07,Inland,FUJ,FUJ2,Miscanthus sinensis var. sinensis,Inland,35.503611,138.700278,40.4579773465281,10.5104167461395,10.1749999523163,31.6733679771423,792.735076904297,26.3499999046326,-5.77499997615814,32.1250004768372,20.2250003814697,0.916666723787785,20.2250003814697,0.916666723787785,1574,246.75,37,54.9882612228394,657.25,135.75,657.25,135.75
MIsin-FUJ-FUJ02S08,Inland,FUJ,FUJ2,Miscanthus sinensis var. sinensis,Inland,35.503611,138.700278,40.4579773465281,10.5104167461395,10.1749999523163,31.6733679771423,792.735076904297,26.3499999046326,-5.77499997615814,32.1250004768372,20.2250003814697,0.916666723787785,20.2250003814697,0.916666723787785,1574,246.75,37,54.9882612228394,657.25,135.75,657.25,135.75
MIsin-BOS-BOS08S01,Boso Peninsula,BOS,BOS8,Miscanthus sinensis var. condensatus,Seashore,35.059874,140.074962,0.0682161695790232,15.6000003814697,7.31666660308838,27.0987663269043,697.234802246094,29,2,27,22.3333339691162,7.18333339691162,24.283332824707,7.18333339691162,1801,231,73,33.9737243652344,592,252,492,252
MIsin-BOS-BOS03S01,Boso Peninsula,BOS,BOS3,Miscanthus sinensis var. sinensis,Inland,35.289522,140.086893,19.0151532221326,14.8783332824707,7.59000005722046,26.3908042907715,751.771240234375,28.9600002288818,0.200000005960464,28.7600002288818,21.8900001525879,5.68333330154419,24.1566665649414,5.68333330154419,1648.2,210,61.4,36.1767738342285,562,214.2,480.4,214.2
MIsin-BOS-BOS03S02,Boso Peninsula,BOS,BOS3,Miscanthus sinensis var. sinensis,Inland,35.289522,140.086893,19.0151532221326,14.8783332824707,7.59000005722046,26.3908042907715,751.771240234375,28.9600002288818,0.200000005960464,28.7600002288818,21.8900001525879,5.68333330154419,24.1566665649414,5.68333330154419,1648.2,210,61.4,36.1767738342285,562,214.2,480.4,214.2
MIsin-BOS-BOS03S03,Boso Peninsula,BOS,BOS3,Miscanthus sinensis var. sinensis,Inland,35.289522,140.086893,19.0151532221326,14.8783332824707,7.59000005722046,26.3908042907715,751.771240234375,28.9600002288818,0.200000005960464,28.7600002288818,21.8900001525879,5.68333330154419,24.1566665649414,5.68333330154419,1648.2,210,61.4,36.1767738342285,562,214.2,480.4,214.2
MIcon-HJ-HJ5S05,Izu islands,HJ,HJ5,Miscanthus sinensis var. condensatus,Island,33.139429,139.767865,0.924371794916521,16.5031251907349,5.59375,26.6361293792725,550.76594543457,26.8249998092651,5.82500004768372,21,22.0791664123535,10.0416667461395,23.4208331108093,9.70833325386047,2681.75,334.75,129.5,31.8247570991516,858.5,403.5,717.75,475.25
MIcon-HJ-HJ5S06,Izu islands,HJ,HJ5,Miscanthus sinensis var. condensatus,Island,33.139429,139.767865,0.924371794916521,16.5031251907349,5.59375,26.6361293792725,550.76594543457,26.8249998092651,5.82500004768372,21,22.0791664123535,10.0416667461395,23.4208331108093,9.70833325386047,2681.75,334.75,129.5,31.8247570991516,858.5,403.5,717.75,475.25
MIsin-BOS-BOS03S07,Boso Peninsula,BOS,BOS3,Miscanthus sinensis var. sinensis,Inland,35.289522,140.086893,19.0151532221326,14.8783332824707,7.59000005722046,26.3908042907715,751.771240234375,28.9600002288818,0.200000005960464,28.7600002288818,21.8900001525879,5.68333330154419,24.1566665649414,5.68333330154419,1648.2,210,61.4,36.1767738342285,562,214.2,480.4,214.2
MIsin-BOS-BOS14S01,Boso Peninsula,BOS,BOS14,Miscanthus sinensis var. condensatus,Seashore,35.697618,140.86254,0.510188101133657,15.1187496185303,6.16249990463257,24.4058074951172,667.862396240234,27.5,2.25,25.25,21.9583339691162,7.08333325386047,23.4750003814697,7.00833320617676,1469,212,55,38.378381729126,525,189.5,472.5,255.5
MIsin-BOS-BOS14S02,Boso Peninsula,BOS,BOS14,Miscanthus sinensis var. condensatus,Seashore,35.697618,140.86254,0.510188101133657,15.1187496185303,6.16249990463257,24.4058074951172,667.862396240234,27.5,2.25,25.25,21.9583339691162,7.08333325386047,23.4750003814697,7.00833320617676,1469,212,55,38.378381729126,525,189.5,472.5,255.5
MIsin-BOS-BOS14S03,Boso Peninsula,BOS,BOS14,Miscanthus sinensis var. condensatus,Seashore,35.697618,140.86254,0.510188101133657,15.1187496185303,6.16249990463257,24.4058074951172,667.862396240234,27.5,2.25,25.25,21.9583339691162,7.08333325386047,23.4750003814697,7.00833320617676,1469,212,55,38.378381729126,525,189.5,472.5,255.5
MIsin-BOS-BOS14S04,Boso Peninsula,BOS,BOS14,Miscanthus sinensis var. condensatus,Seashore,35.697618,140.86254,0.510188101133657,15.1187496185303,6.16249990463257,24.4058074951172,667.862396240234,27.5,2.25,25.25,21.9583339691162,7.08333325386047,23.4750003814697,7.00833320617676,1469,212,55,38.378381729126,525,189.5,472.5,255.5
MIsin-BOS-BOS14S05,Boso Peninsula,BOS,BOS14,Miscanthus sinensis var. condensatus,Seashore,35.697618,140.86254,0.510188101133657,15.1187496185303,6.16249990463257,24.4058074951172,667.862396240234,27.5,2.25,25.25,21.9583339691162,7.08333325386047,23.4750003814697,7.00833320617676,1469,212,55,38.378381729126,525,189.5,472.5,255.5
MIsin-BOS-BOS14S06,Boso Peninsula,BOS,BOS14,Miscanthus sinensis var. condensatus,Seashore,35.697618,140.86254,0.510188101133657,15.1187496185303,6.16249990463257,24.4058074951172,667.862396240234,27.5,2.25,25.25,21.9583339691162,7.08333325386047,23.4750003814697,7.00833320617676,1469,212,55,38.378381729126,525,189.5,472.5,255.5
MIsin-BOS-BOS14S07,Boso Peninsula,BOS,BOS14,Miscanthus sinensis var. condensatus,Seashore,35.697618,140.86254,0.510188101133657,15.1187496185303,6.16249990463257,24.4058074951172,667.862396240234,27.5,2.25,25.25,21.9583339691162,7.08333325386047,23.4750003814697,7.00833320617676,1469,212,55,38.378381729126,525,189.5,472.5,255.5
MIsin-BOS-BOS14S08,Boso Peninsula,BOS,BOS14,Miscanthus sinensis var. condensatus,Seashore,35.697618,140.86254,0.510188101133657,15.1187496185303,6.16249990463257,24.4058074951172,667.862396240234,27.5,2.25,25.25,21.9583339691162,7.08333325386047,23.4750003814697,7.00833320617676,1469,212,55,38.378381729126,525,189.5,472.5,255.5
MIsin-BOS-BOS10S01,Boso Peninsula,BOS,BOS10,Miscanthus sinensis var. condensatus,Seashore,35.352868,140.391503,0.413259528570744,15.4187498092651,7.06249976158142,26.0130634307861,710.428558349609,28.7000007629395,1.55000001192093,27.1500005722046,22.3583335876465,6.75833320617676,24.2250003814697,6.75833320617676,1635,215,68,34.9445114135742,555,227.5,462,227.5
MIsin-BOS-BOS10S02,Boso Peninsula,BOS,BOS10,Miscanthus sinensis var. condensatus,Seashore,35.352868,140.391503,0.413259528570744,15.4187498092651,7.06249976158142,26.0130634307861,710.428558349609,28.7000007629395,1.55000001192093,27.1500005722046,22.3583335876465,6.75833320617676,24.2250003814697,6.75833320617676,1635,215,68,34.9445114135742,555,227.5,462,227.5
MIsin-BOS-BOS10S03,Boso Peninsula,BOS,BOS10,Miscanthus sinensis var. condensatus,Seashore,35.352868,140.391503,0.413259528570744,15.4187498092651,7.06249976158142,26.0130634307861,710.428558349609,28.7000007629395,1.55000001192093,27.1500005722046,22.3583335876465,6.75833320617676,24.2250003814697,6.75833320617676,1635,215,68,34.9445114135742,555,227.5,462,227.5
MIsin-BOS-BOS10S04,Boso Peninsula,BOS,BOS10,Miscanthus sinensis var. condensatus,Seashore,35.352868,140.391503,0.413259528570744,15.4187498092651,7.06249976158142,26.0130634307861,710.428558349609,28.7000007629395,1.55000001192093,27.1500005722046,22.3583335876465,6.75833320617676,24.2250003814697,6.75833320617676,1635,215,68,34.9445114135742,555,227.5,462,227.5
MIsin-BOS-BOS10S05,Boso Peninsula,BOS,BOS10,Miscanthus sinensis var. condensatus,Seashore,35.352868,140.391503,0.413259528570744,15.4187498092651,7.06249976158142,26.0130634307861,710.428558349609,28.7000007629395,1.55000001192093,27.1500005722046,22.3583335876465,6.75833320617676,24.2250003814697,6.75833320617676,1635,215,68,34.9445114135742,555,227.5,462,227.5
MIsin-BOS-BOS10S06,Boso Peninsula,BOS,BOS10,Miscanthus sinensis var. condensatus,Seashore,35.352868,140.391503,0.413259528570744,15.4187498092651,7.06249976158142,26.0130634307861,710.428558349609,28.7000007629395,1.55000001192093,27.1500005722046,22.3583335876465,6.75833320617676,24.2250003814697,6.75833320617676,1635,215,68,34.9445114135742,555,227.5,462,227.5
MIsin-BOS-BOS10S07,Boso Peninsula,BOS,BOS10,Miscanthus sinensis var. condensatus,Seashore,35.352868,140.391503,0.413259528570744,15.4187498092651,7.06249976158142,26.0130634307861,710.428558349609,28.7000007629395,1.55000001192093,27.1500005722046,22.3583335876465,6.75833320617676,24.2250003814697,6.75833320617676,1635,215,68,34.9445114135742,555,227.5,462,227.5
MIsin-BOS-BOS10S08,Boso Peninsula,BOS,BOS10,Miscanthus sinensis var. condensatus,Seashore,35.352868,140.391503,0.413259528570744,15.4187498092651,7.06249976158142,26.0130634307861,710.428558349609,28.7000007629395,1.55000001192093,27.1500005722046,22.3583335876465,6.75833320617676,24.2250003814697,6.75833320617676,1635,215,68,34.9445114135742,555,227.5,462,227.5
MIcon-MIY-MIY567S01,Izu islands,MIY,MIY567,Miscanthus sinensis var. condensatus,Island,34.113797,139.55328,0.0473927525673389,17.4604158401489,5.7541663646698,25.6310586929321,593.480590820312,28.6999998092651,6.25,22.4499998092651,20.1000003814697,10.4749999046326,24.9416666030884,10.2333331108093,2728.5,328,131.5,29.3308753967285,872.5,424,728,525.5
MIcon-MIY-MIY567S02,Izu islands,MIY,MIY567,Miscanthus sinensis var. condensatus,Island,34.113797,139.55328,0.0473927525673389,17.4604158401489,5.7541663646698,25.6310586929321,593.480590820312,28.6999998092651,6.25,22.4499998092651,20.1000003814697,10.4749999046326,24.9416666030884,10.2333331108093,2728.5,328,131.5,29.3308753967285,872.5,424,728,525.5
MIcon-MIY-MIY567S03,Izu islands,MIY,MIY567,Miscanthus sinensis var. condensatus,Island,34.113797,139.55328,0.0473927525673389,17.4604158401489,5.7541663646698,25.6310586929321,593.480590820312,28.6999998092651,6.25,22.4499998092651,20.1000003814697,10.4749999046326,24.9416666030884,10.2333331108093,2728.5,328,131.5,29.3308753967285,872.5,424,728,525.5
MIcon-MIY-MIY567S04,Izu islands,MIY,MIY567,Miscanthus sinensis var. condensatus,Island,34.113797,139.55328,0.0473927525673389,17.4604158401489,5.7541663646698,25.6310586929321,593.480590820312,28.6999998092651,6.25,22.4499998092651,20.1000003814697,10.4749999046326,24.9416666030884,10.2333331108093,2728.5,328,131.5,29.3308753967285,872.5,424,728,525.5
MIcon-MIY-MIY567S05,Izu islands,MIY,MIY567,Miscanthus sinensis var. condensatus,Island,34.113797,139.55328,0.0473927525673389,17.4604158401489,5.7541663646698,25.6310586929321,593.480590820312,28.6999998092651,6.25,22.4499998092651,20.1000003814697,10.4749999046326,24.9416666030884,10.2333331108093,2728.5,328,131.5,29.3308753967285,872.5,424,728,525.5
MIcon-MIY-MIY567S06,Izu islands,MIY,MIY567,Miscanthus sinensis var. condensatus,Island,34.113797,139.55328,0.0473927525673389,17.4604158401489,5.7541663646698,25.6310586929321,593.480590820312,28.6999998092651,6.25,22.4499998092651,20.1000003814697,10.4749999046326,24.9416666030884,10.2333331108093,2728.5,328,131.5,29.3308753967285,872.5,424,728,525.5
MIcon-MIY-MIY567S07,Izu islands,MIY,MIY567,Miscanthus sinensis var. condensatus,Island,34.113797,139.55328,0.0473927525673389,17.4604158401489,5.7541663646698,25.6310586929321,593.480590820312,28.6999998092651,6.25,22.4499998092651,20.1000003814697,10.4749999046326,24.9416666030884,10.2333331108093,2728.5,328,131.5,29.3308753967285,872.5,424,728,525.5
MIcon-MIY-MIY567S08,Izu islands,MIY,MIY567,Miscanthus sinensis var. condensatus,Island,34.113797,139.55328,0.0473927525673389,17.4604158401489,5.7541663646698,25.6310586929321,593.480590820312,28.6999998092651,6.25,22.4499998092651,20.1000003814697,10.4749999046326,24.9416666030884,10.2333331108093,2728.5,328,131.5,29.3308753967285,872.5,424,728,525.5
MIcon-HJ-HJ5S01,Izu islands,HJ,HJ5,Miscanthus sinensis var. condensatus,Island,33.139429,139.767865,0.924371794916521,16.5031251907349,5.59375,26.6361293792725,550.76594543457,26.8249998092651,5.82500004768372,21,22.0791664123535,10.0416667461395,23.4208331108093,9.70833325386047,2681.75,334.75,129.5,31.8247570991516,858.5,403.5,717.75,475.25
MIcon-HJ-HJ5S02,Izu islands,HJ,HJ5,Miscanthus sinensis var. condensatus,Island,33.139429,139.767865,0.924371794916521,16.5031251907349,5.59375,26.6361293792725,550.76594543457,26.8249998092651,5.82500004768372,21,22.0791664123535,10.0416667461395,23.4208331108093,9.70833325386047,2681.75,334.75,129.5,31.8247570991516,858.5,403.5,717.75,475.25
MIcon-HJ-HJ5S03,Izu islands,HJ,HJ5,Miscanthus sinensis var. condensatus,Island,33.139429,139.767865,0.924371794916521,16.5031251907349,5.59375,26.6361293792725,550.76594543457,26.8249998092651,5.82500004768372,21,22.0791664123535,10.0416667461395,23.4208331108093,9.70833325386047,2681.75,334.75,129.5,31.8247570991516,858.5,403.5,717.75,475.25
MIcon-HJ-HJ5S04,Izu islands,HJ,HJ5,Miscanthus sinensis var. condensatus,Island,33.139429,139.767865,0.924371794916521,16.5031251907349,5.59375,26.6361293792725,550.76594543457,26.8249998092651,5.82500004768372,21,22.0791664123535,10.0416667461395,23.4208331108093,9.70833325386047,2681.75,334.75,129.5,31.8247570991516,858.5,403.5,717.75,475.25
MIsin-BOS-BOS03S04,Boso Peninsula,BOS,BOS3,Miscanthus sinensis var. sinensis,Inland,35.289522,140.086893,19.0151532221326,14.8783332824707,7.59000005722046,26.3908042907715,751.771240234375,28.9600002288818,0.200000005960464,28.7600002288818,21.8900001525879,5.68333330154419,24.1566665649414,5.68333330154419,1648.2,210,61.4,36.1767738342285,562,214.2,480.4,214.2
MIsin-BOS-BOS03S05,Boso Peninsula,BOS,BOS3,Miscanthus sinensis var. sinensis,Inland,35.289522,140.086893,19.0151532221326,14.8783332824707,7.59000005722046,26.3908042907715,751.771240234375,28.9600002288818,0.200000005960464,28.7600002288818,21.8900001525879,5.68333330154419,24.1566665649414,5.68333330154419,1648.2,210,61.4,36.1767738342285,562,214.2,480.4,214.2
MIcon-HJ-HJ5S07,Izu islands,HJ,HJ5,Miscanthus sinensis var. condensatus,Island,33.139429,139.767865,0.924371794916521,16.5031251907349,5.59375,26.6361293792725,550.76594543457,26.8249998092651,5.82500004768372,21,22.0791664123535,10.0416667461395,23.4208331108093,9.70833325386047,2681.75,334.75,129.5,31.8247570991516,858.5,403.5,717.75,475.25
MIcon-HJ-HJ5S08,Izu islands,HJ,HJ5,Miscanthus sinensis var. condensatus,Island,33.139429,139.767865,0.924371794916521,16.5031251907349,5.59375,26.6361293792725,550.76594543457,26.8249998092651,5.82500004768372,21,22.0791664123535,10.0416667461395,23.4208331108093,9.70833325386047,2681.75,334.75,129.5,31.8247570991516,858.5,403.5,717.75,475.25
MIcon-OSH-OSH559S01,Izu islands,OSH,OSH559,Miscanthus sinensis var. condensatus,Island,34.735556,139.383797,2.9605355650386,14.0593748092651,7.58125007152557,28.661548614502,675.062561035156,27.1500005722046,0.700000002980232,26.4500007629395,20.4624996185303,5.97083342075348,22.4708333015442,5.89583337306976,2129.75,267.25,76,37.8048009872437,736.5,256,695.25,345.5
MIcon-OSH-OSH559S02,Izu islands,OSH,OSH559,Miscanthus sinensis var. condensatus,Island,34.735556,139.383797,2.9605355650386,14.0593748092651,7.58125007152557,28.661548614502,675.062561035156,27.1500005722046,0.700000002980232,26.4500007629395,20.4624996185303,5.97083342075348,22.4708333015442,5.89583337306976,2129.75,267.25,76,37.8048009872437,736.5,256,695.25,345.5
MIcon-OSH-OSH559S03,Izu islands,OSH,OSH559,Miscanthus sinensis var. condensatus,Island,34.735556,139.383797,2.9605355650386,14.0593748092651,7.58125007152557,28.661548614502,675.062561035156,27.1500005722046,0.700000002980232,26.4500007629395,20.4624996185303,5.97083342075348,22.4708333015442,5.89583337306976,2129.75,267.25,76,37.8048009872437,736.5,256,695.25,345.5
MIcon-OSH-OSH559S04,Izu islands,OSH,OSH559,Miscanthus sinensis var. condensatus,Island,34.735556,139.383797,2.9605355650386,14.0593748092651,7.58125007152557,28.661548614502,675.062561035156,27.1500005722046,0.700000002980232,26.4500007629395,20.4624996185303,5.97083342075348,22.4708333015442,5.89583337306976,2129.75,267.25,76,37.8048009872437,736.5,256,695.25,345.5
MIcon-OSH-OSH559S05,Izu islands,OSH,OSH559,Miscanthus sinensis var. condensatus,Island,34.735556,139.383797,2.9605355650386,14.0593748092651,7.58125007152557,28.661548614502,675.062561035156,27.1500005722046,0.700000002980232,26.4500007629395,20.4624996185303,5.97083342075348,22.4708333015442,5.89583337306976,2129.75,267.25,76,37.8048009872437,736.5,256,695.25,345.5
MIcon-OSH-OSH559S06,Izu islands,OSH,OSH559,Miscanthus sinensis var. condensatus,Island,34.735556,139.383797,2.9605355650386,14.0593748092651,7.58125007152557,28.661548614502,675.062561035156,27.1500005722046,0.700000002980232,26.4500007629395,20.4624996185303,5.97083342075348,22.4708333015442,5.89583337306976,2129.75,267.25,76,37.8048009872437,736.5,256,695.25,345.5
MIcon-OSH-OSH559S07,Izu islands,OSH,OSH559,Miscanthus sinensis var. condensatus,Island,34.735556,139.383797,2.9605355650386,14.0593748092651,7.58125007152557,28.661548614502,675.062561035156,27.1500005722046,0.700000002980232,26.4500007629395,20.4624996185303,5.97083342075348,22.4708333015442,5.89583337306976,2129.75,267.25,76,37.8048009872437,736.5,256,695.25,345.5
MIcon-OSH-OSH559S08,Izu islands,OSH,OSH559,Miscanthus sinensis var. condensatus,Island,34.735556,139.383797,2.9605355650386,14.0593748092651,7.58125007152557,28.661548614502,675.062561035156,27.1500005722046,0.700000002980232,26.4500007629395,20.4624996185303,5.97083342075348,22.4708333015442,5.89583337306976,2129.75,267.25,76,37.8048009872437,736.5,256,695.25,345.5
MIsin-ISU-ISU09S01,Izu Peninsula,ISU,ISU9,Miscanthus sinensis var. sinensis,Inland,34.80413333,138.9985,5.10540015487282,13.8093748092651,7.53541684150696,28.0112748146057,689.976547241211,27.125,0.225000008940697,26.9000000953674,20.6416664123535,5.56666660308838,22.4166660308838,5.46666657924652,2067,265.25,68,41.2494640350342,727.5,232,723,317.25
MIsin-ISU-ISU09S02,Izu Peninsula,ISU,ISU9,Miscanthus sinensis var. sinensis,Inland,34.80413333,138.9985,5.10540015487282,13.8093748092651,7.53541684150696,28.0112748146057,689.976547241211,27.125,0.225000008940697,26.9000000953674,20.6416664123535,5.56666660308838,22.4166660308838,5.46666657924652,2067,265.25,68,41.2494640350342,727.5,232,723,317.25
MIsin-ISU-ISU09S03,Izu Peninsula,ISU,ISU9,Miscanthus sinensis var. sinensis,Inland,34.80413333,138.9985,5.10540015487282,13.8093748092651,7.53541684150696,28.0112748146057,689.976547241211,27.125,0.225000008940697,26.9000000953674,20.6416664123535,5.56666660308838,22.4166660308838,5.46666657924652,2067,265.25,68,41.2494640350342,727.5,232,723,317.25
MIsin-ISU-ISU09S04,Izu Peninsula,ISU,ISU9,Miscanthus sinensis var. sinensis,Inland,34.80413333,138.9985,5.10540015487282,13.8093748092651,7.53541684150696,28.0112748146057,689.976547241211,27.125,0.225000008940697,26.9000000953674,20.6416664123535,5.56666660308838,22.4166660308838,5.46666657924652,2067,265.25,68,41.2494640350342,727.5,232,723,317.25
MIsin-ISU-ISU09S05,Izu Peninsula,ISU,ISU9,Miscanthus sinensis var. sinensis,Inland,34.80413333,138.9985,5.10540015487282,13.8093748092651,7.53541684150696,28.0112748146057,689.976547241211,27.125,0.225000008940697,26.9000000953674,20.6416664123535,5.56666660308838,22.4166660308838,5.46666657924652,2067,265.25,68,41.2494640350342,727.5,232,723,317.25
MIsin-ISU-ISU09S06,Izu Peninsula,ISU,ISU9,Miscanthus sinensis var. sinensis,Inland,34.80413333,138.9985,5.10540015487282,13.8093748092651,7.53541684150696,28.0112748146057,689.976547241211,27.125,0.225000008940697,26.9000000953674,20.6416664123535,5.56666660308838,22.4166660308838,5.46666657924652,2067,265.25,68,41.2494640350342,727.5,232,723,317.25
MIsin-ISU-ISU09S07,Izu Peninsula,ISU,ISU9,Miscanthus sinensis var. sinensis,Inland,34.80413333,138.9985,5.10540015487282,13.8093748092651,7.53541684150696,28.0112748146057,689.976547241211,27.125,0.225000008940697,26.9000000953674,20.6416664123535,5.56666660308838,22.4166660308838,5.46666657924652,2067,265.25,68,41.2494640350342,727.5,232,723,317.25
MIsin-ISU-ISU09S08,Izu Peninsula,ISU,ISU9,Miscanthus sinensis var. sinensis,Inland,34.80413333,138.9985,5.10540015487282,13.8093748092651,7.53541684150696,28.0112748146057,689.976547241211,27.125,0.225000008940697,26.9000000953674,20.6416664123535,5.56666660308838,22.4166660308838,5.46666657924652,2067,265.25,68,41.2494640350342,727.5,232,723,317.25
MIsin-ISU-ISU12S01,Izu Peninsula,ISU,ISU12,Miscanthus sinensis var. sinensis,Inland,34.95191,138.84138,6.55767222463434,12.5864582061768,8.25625014305115,29.1740283966064,716.176040649414,26.5500001907349,-1.75000002980232,28.300000667572,21.4583330154419,3.97499996423721,21.4583330154419,3.91666674613953,1985.75,269.5,61.5,45.0014057159424,735.25,209.25,735.25,287.25
MIsin-ISU-ISU12S02,Izu Peninsula,ISU,ISU12,Miscanthus sinensis var. sinensis,Inland,34.95191,138.84138,6.55767222463434,12.5864582061768,8.25625014305115,29.1740283966064,716.176040649414,26.5500001907349,-1.75000002980232,28.300000667572,21.4583330154419,3.97499996423721,21.4583330154419,3.91666674613953,1985.75,269.5,61.5,45.0014057159424,735.25,209.25,735.25,287.25
MIsin-ISU-ISU12S03,Izu Peninsula,ISU,ISU12,Miscanthus sinensis var. sinensis,Inland,34.95191,138.84138,6.55767222463434,12.5864582061768,8.25625014305115,29.1740283966064,716.176040649414,26.5500001907349,-1.75000002980232,28.300000667572,21.4583330154419,3.97499996423721,21.4583330154419,3.91666674613953,1985.75,269.5,61.5,45.0014057159424,735.25,209.25,735.25,287.25
MIsin-ISU-ISU12S04,Izu Peninsula,ISU,ISU12,Miscanthus sinensis var. sinensis,Inland,34.95191,138.84138,6.55767222463434,12.5864582061768,8.25625014305115,29.1740283966064,716.176040649414,26.5500001907349,-1.75000002980232,28.300000667572,21.4583330154419,3.97499996423721,21.4583330154419,3.91666674613953,1985.75,269.5,61.5,45.0014057159424,735.25,209.25,735.25,287.25
MIsin-ISU-ISU12S05,Izu Peninsula,ISU,ISU12,Miscanthus sinensis var. sinensis,Inland,34.95191,138.84138,6.55767222463434,12.5864582061768,8.25625014305115,29.1740283966064,716.176040649414,26.5500001907349,-1.75000002980232,28.300000667572,21.4583330154419,3.97499996423721,21.4583330154419,3.91666674613953,1985.75,269.5,61.5,45.0014057159424,735.25,209.25,735.25,287.25
MIsin-ISU-ISU12S06,Izu Peninsula,ISU,ISU12,Miscanthus sinensis var. sinensis,Inland,34.95191,138.84138,6.55767222463434,12.5864582061768,8.25625014305115,29.1740283966064,716.176040649414,26.5500001907349,-1.75000002980232,28.300000667572,21.4583330154419,3.97499996423721,21.4583330154419,3.91666674613953,1985.75,269.5,61.5,45.0014057159424,735.25,209.25,735.25,287.25
MIsin-ISU-ISU12S07,Izu Peninsula,ISU,ISU12,Miscanthus sinensis var. sinensis,Inland,34.95191,138.84138,6.55767222463434,12.5864582061768,8.25625014305115,29.1740283966064,716.176040649414,26.5500001907349,-1.75000002980232,28.300000667572,21.4583330154419,3.97499996423721,21.4583330154419,3.91666674613953,1985.75,269.5,61.5,45.0014057159424,735.25,209.25,735.25,287.25
MIsin-ISU-ISU12S08,Izu Peninsula,ISU,ISU12,Miscanthus sinensis var. sinensis,Inland,34.95191,138.84138,6.55767222463434,12.5864582061768,8.25625014305115,29.1740283966064,716.176040649414,26.5500001907349,-1.75000002980232,28.300000667572,21.4583330154419,3.97499996423721,21.4583330154419,3.91666674613953,1985.75,269.5,61.5,45.0014057159424,735.25,209.25,735.25,287.25
MIsin-ISU-ISU11S01,Izu Peninsula,ISU,ISU11,Miscanthus sinensis var. condensatus,Seashore,34.67653333,138.7764,0.610470865206625,15.6520833969116,6.1291663646698,24.3692359924316,682.747436523438,28.1999998092651,3.04999995231628,25.1500005722046,23.3833332061768,7.3916666507721,24.1666669845581,7.3916666507721,2014.5,266.5,71.5,38.9869937896729,709,235,679,235
MIsin-ISU-ISU11S02,Izu Peninsula,ISU,ISU11,Miscanthus sinensis var. condensatus,Seashore,34.67653333,138.7764,0.610470865206625,15.6520833969116,6.1291663646698,24.3692359924316,682.747436523438,28.1999998092651,3.04999995231628,25.1500005722046,23.3833332061768,7.3916666507721,24.1666669845581,7.3916666507721,2014.5,266.5,71.5,38.9869937896729,709,235,679,235
MIsin-ISU-ISU11S03,Izu Peninsula,ISU,ISU11,Miscanthus sinensis var. condensatus,Seashore,34.67653333,138.7764,0.610470865206625,15.6520833969116,6.1291663646698,24.3692359924316,682.747436523438,28.1999998092651,3.04999995231628,25.1500005722046,23.3833332061768,7.3916666507721,24.1666669845581,7.3916666507721,2014.5,266.5,71.5,38.9869937896729,709,235,679,235
MIsin-ISU-ISU11S04,Izu Peninsula,ISU,ISU11,Miscanthus sinensis var. condensatus,Seashore,34.67653333,138.7764,0.610470865206625,15.6520833969116,6.1291663646698,24.3692359924316,682.747436523438,28.1999998092651,3.04999995231628,25.1500005722046,23.3833332061768,7.3916666507721,24.1666669845581,7.3916666507721,2014.5,266.5,71.5,38.9869937896729,709,235,679,235
MIsin-ISU-ISU11S05,Izu Peninsula,ISU,ISU11,Miscanthus sinensis var. condensatus,Seashore,34.67653333,138.7764,0.610470865206625,15.6520833969116,6.1291663646698,24.3692359924316,682.747436523438,28.1999998092651,3.04999995231628,25.1500005722046,23.3833332061768,7.3916666507721,24.1666669845581,7.3916666507721,2014.5,266.5,71.5,38.9869937896729,709,235,679,235
MIsin-ISU-ISU11S06,Izu Peninsula,ISU,ISU11,Miscanthus sinensis var. condensatus,Seashore,34.67653333,138.7764,0.610470865206625,15.6520833969116,6.1291663646698,24.3692359924316,682.747436523438,28.1999998092651,3.04999995231628,25.1500005722046,23.3833332061768,7.3916666507721,24.1666669845581,7.3916666507721,2014.5,266.5,71.5,38.9869937896729,709,235,679,235
MIsin-ISU-ISU11S07,Izu Peninsula,ISU,ISU11,Miscanthus sinensis var. condensatus,Seashore,34.67653333,138.7764,0.610470865206625,15.6520833969116,6.1291663646698,24.3692359924316,682.747436523438,28.1999998092651,3.04999995231628,25.1500005722046,23.3833332061768,7.3916666507721,24.1666669845581,7.3916666507721,2014.5,266.5,71.5,38.9869937896729,709,235,679,235
MIsin-ISU-ISU11S08,Izu Peninsula,ISU,ISU11,Miscanthus sinensis var. condensatus,Seashore,34.67653333,138.7764,0.610470865206625,15.6520833969116,6.1291663646698,24.3692359924316,682.747436523438,28.1999998092651,3.04999995231628,25.1500005722046,23.3833332061768,7.3916666507721,24.1666669845581,7.3916666507721,2014.5,266.5,71.5,38.9869937896729,709,235,679,235
MIcon-AOG-AOG03S01,Izu islands,AOG,AOG3,Miscanthus sinensis var. condensatus,Island,32.46833333,139.763,0.402795831488818,19.2458330790202,4.82499996821086,25.6642767588298,499.540618896484,28.6000003814697,9.79999987284342,18.8000011444092,21.9555555979411,13.516666730245,25.6111106872559,13.1333332061768,2514.33333333333,327.666666666667,131.333333333333,32.3859888712565,795.666666666667,405.333333333333,610,446.333333333333
MIcon-AOG-AOG03S02,Izu islands,AOG,AOG3,Miscanthus sinensis var. condensatus,Island,32.46833333,139.763,0.402795831488818,19.2458330790202,4.82499996821086,25.6642767588298,499.540618896484,28.6000003814697,9.79999987284342,18.8000011444092,21.9555555979411,13.516666730245,25.6111106872559,13.1333332061768,2514.33333333333,327.666666666667,131.333333333333,32.3859888712565,795.666666666667,405.333333333333,610,446.333333333333
MIcon-AOG-AOG03S03,Izu islands,AOG,AOG3,Miscanthus sinensis var. condensatus,Island,32.46833333,139.763,0.402795831488818,19.2458330790202,4.82499996821086,25.6642767588298,499.540618896484,28.6000003814697,9.79999987284342,18.8000011444092,21.9555555979411,13.516666730245,25.6111106872559,13.1333332061768,2514.33333333333,327.666666666667,131.333333333333,32.3859888712565,795.666666666667,405.333333333333,610,446.333333333333
MIcon-AOG-AOG03S04,Izu islands,AOG,AOG3,Miscanthus sinensis var. condensatus,Island,32.46833333,139.763,0.402795831488818,19.2458330790202,4.82499996821086,25.6642767588298,499.540618896484,28.6000003814697,9.79999987284342,18.8000011444092,21.9555555979411,13.516666730245,25.6111106872559,13.1333332061768,2514.33333333333,327.666666666667,131.333333333333,32.3859888712565,795.666666666667,405.333333333333,610,446.333333333333
MIcon-AOG-AOG03S05,Izu islands,AOG,AOG3,Miscanthus sinensis var. condensatus,Island,32.46833333,139.763,0.402795831488818,19.2458330790202,4.82499996821086,25.6642767588298,499.540618896484,28.6000003814697,9.79999987284342,18.8000011444092,21.9555555979411,13.516666730245,25.6111106872559,13.1333332061768,2514.33333333333,327.666666666667,131.333333333333,32.3859888712565,795.666666666667,405.333333333333,610,446.333333333333
MIcon-AOG-AOG03S06,Izu islands,AOG,AOG3,Miscanthus sinensis var. condensatus,Island,32.46833333,139.763,0.402795831488818,19.2458330790202,4.82499996821086,25.6642767588298,499.540618896484,28.6000003814697,9.79999987284342,18.8000011444092,21.9555555979411,13.516666730245,25.6111106872559,13.1333332061768,2514.33333333333,327.666666666667,131.333333333333,32.3859888712565,795.666666666667,405.333333333333,610,446.333333333333
MIcon-AOG-AOG03S07,Izu islands,AOG,AOG3,Miscanthus sinensis var. condensatus,Island,32.46833333,139.763,0.402795831488818,19.2458330790202,4.82499996821086,25.6642767588298,499.540618896484,28.6000003814697,9.79999987284342,18.8000011444092,21.9555555979411,13.516666730245,25.6111106872559,13.1333332061768,2514.33333333333,327.666666666667,131.333333333333,32.3859888712565,795.666666666667,405.333333333333,610,446.333333333333
MIcon-AOG-AOG03S08,Izu islands,AOG,AOG3,Miscanthus sinensis var. condensatus,Island,32.46833333,139.763,0.402795831488818,19.2458330790202,4.82499996821086,25.6642767588298,499.540618896484,28.6000003814697,9.79999987284342,18.8000011444092,21.9555555979411,13.516666730245,25.6111106872559,13.1333332061768,2514.33333333333,327.666666666667,131.333333333333,32.3859888712565,795.666666666667,405.333333333333,610,446.333333333333
MIcon-AOG-AOG01S01,Izu islands,AOG,AOG1,Miscanthus sinensis var. condensatus,Island,32.45675167,139.77775,1.09510271154327,19.4847215016683,4.79166666666667,25.5329418182373,499.306823730469,28.8333333333333,10.0666666030884,18.7666670481364,22.2055555979411,13.7555557886759,25.8555552164714,13.3833332061768,2496.66666666667,325.666666666667,130.666666666667,32.5355593363444,790.666666666667,403.333333333333,601.333333333333,443.666666666667
MIcon-AOG-AOG01S02,Izu islands,AOG,AOG1,Miscanthus sinensis var. condensatus,Island,32.45675167,139.77775,1.09510271154327,19.4847215016683,4.79166666666667,25.5329418182373,499.306823730469,28.8333333333333,10.0666666030884,18.7666670481364,22.2055555979411,13.7555557886759,25.8555552164714,13.3833332061768,2496.66666666667,325.666666666667,130.666666666667,32.5355593363444,790.666666666667,403.333333333333,601.333333333333,443.666666666667
MIcon-AOG-AOG01S03,Izu islands,AOG,AOG1,Miscanthus sinensis var. condensatus,Island,32.45675167,139.77775,1.09510271154327,19.4847215016683,4.79166666666667,25.5329418182373,499.306823730469,28.8333333333333,10.0666666030884,18.7666670481364,22.2055555979411,13.7555557886759,25.8555552164714,13.3833332061768,2496.66666666667,325.666666666667,130.666666666667,32.5355593363444,790.666666666667,403.333333333333,601.333333333333,443.666666666667
MIcon-AOG-AOG01S04,Izu islands,AOG,AOG1,Miscanthus sinensis var. condensatus,Island,32.45675167,139.77775,1.09510271154327,19.4847215016683,4.79166666666667,25.5329418182373,499.306823730469,28.8333333333333,10.0666666030884,18.7666670481364,22.2055555979411,13.7555557886759,25.8555552164714,13.3833332061768,2496.66666666667,325.666666666667,130.666666666667,32.5355593363444,790.666666666667,403.333333333333,601.333333333333,443.666666666667
MIcon-AOG-AOG01S05,Izu islands,AOG,AOG1,Miscanthus sinensis var. condensatus,Island,32.45675167,139.77775,1.09510271154327,19.4847215016683,4.79166666666667,25.5329418182373,499.306823730469,28.8333333333333,10.0666666030884,18.7666670481364,22.2055555979411,13.7555557886759,25.8555552164714,13.3833332061768,2496.66666666667,325.666666666667,130.666666666667,32.5355593363444,790.666666666667,403.333333333333,601.333333333333,443.666666666667
MIcon-AOG-AOG01S06,Izu islands,AOG,AOG1,Miscanthus sinensis var. condensatus,Island,32.45675167,139.77775,1.09510271154327,19.4847215016683,4.79166666666667,25.5329418182373,499.306823730469,28.8333333333333,10.0666666030884,18.7666670481364,22.2055555979411,13.7555557886759,25.8555552164714,13.3833332061768,2496.66666666667,325.666666666667,130.666666666667,32.5355593363444,790.666666666667,403.333333333333,601.333333333333,443.666666666667
MIcon-AOG-AOG01S07,Izu islands,AOG,AOG1,Miscanthus sinensis var. condensatus,Island,32.45675167,139.77775,1.09510271154327,19.4847215016683,4.79166666666667,25.5329418182373,499.306823730469,28.8333333333333,10.0666666030884,18.7666670481364,22.2055555979411,13.7555557886759,25.8555552164714,13.3833332061768,2496.66666666667,325.666666666667,130.666666666667,32.5355593363444,790.666666666667,403.333333333333,601.333333333333,443.666666666667
MIcon-AOG-AOG01S08,Izu islands,AOG,AOG1,Miscanthus sinensis var. condensatus,Island,32.45675167,139.77775,1.09510271154327,19.4847215016683,4.79166666666667,25.5329418182373,499.306823730469,28.8333333333333,10.0666666030884,18.7666670481364,22.2055555979411,13.7555557886759,25.8555552164714,13.3833332061768,2496.66666666667,325.666666666667,130.666666666667,32.5355593363444,790.666666666667,403.333333333333,601.333333333333,443.666666666667
MIcon-SH-SH6S04,Izu islands,SH,SH6,Miscanthus sinensis var. condensatus,Island,34.31826,139.19848,5.68940246108429,17.6333332061768,5.16666650772095,24.3710689544678,562.991638183594,28.3999996185303,7.19999980926514,21.2000007629395,23.3583335876465,11.2416667938232,24.8166666030884,10.7666664123535,2355,295.5,102,31.2043447494507,736.5,333.5,671,429.5
MIcon-SH-SH6S05,Izu islands,SH,SH6,Miscanthus sinensis var. condensatus,Island,34.31826,139.19848,5.68940246108429,17.6333332061768,5.16666650772095,24.3710689544678,562.991638183594,28.3999996185303,7.19999980926514,21.2000007629395,23.3583335876465,11.2416667938232,24.8166666030884,10.7666664123535,2355,295.5,102,31.2043447494507,736.5,333.5,671,429.5
MIcon-SH-SH6S06,Izu islands,SH,SH6,Miscanthus sinensis var. condensatus,Island,34.31826,139.19848,5.68940246108429,17.6333332061768,5.16666650772095,24.3710689544678,562.991638183594,28.3999996185303,7.19999980926514,21.2000007629395,23.3583335876465,11.2416667938232,24.8166666030884,10.7666664123535,2355,295.5,102,31.2043447494507,736.5,333.5,671,429.5
MIcon-SH-SH6S07,Izu islands,SH,SH6,Miscanthus sinensis var. condensatus,Island,34.31826,139.19848,5.68940246108429,17.6333332061768,5.16666650772095,24.3710689544678,562.991638183594,28.3999996185303,7.19999980926514,21.2000007629395,23.3583335876465,11.2416667938232,24.8166666030884,10.7666664123535,2355,295.5,102,31.2043447494507,736.5,333.5,671,429.5
MIcon-SH-SH6S08,Izu islands,SH,SH6,Miscanthus sinensis var. condensatus,Island,34.31826,139.19848,5.68940246108429,17.6333332061768,5.16666650772095,24.3710689544678,562.991638183594,28.3999996185303,7.19999980926514,21.2000007629395,23.3583335876465,11.2416667938232,24.8166666030884,10.7666664123535,2355,295.5,102,31.2043447494507,736.5,333.5,671,429.5
MIcon-SH-SH3S04,Izu islands,SH,SH3,Miscanthus sinensis var. condensatus,Island,34.33617,139.21249,3.83299894188067,17.6291675567627,5.19166660308838,24.4889945983887,561.331481933594,28.3999996185303,7.19999980926514,21.2000007629395,23.3333339691162,11.2666664123535,24.783332824707,10.7666664123535,2343,294,101,31.2060546875,733,333,667,429
MIcon-SH-SH3S05,Izu islands,SH,SH3,Miscanthus sinensis var. condensatus,Island,34.33617,139.21249,3.83299894188067,17.6291675567627,5.19166660308838,24.4889945983887,561.331481933594,28.3999996185303,7.19999980926514,21.2000007629395,23.3333339691162,11.2666664123535,24.783332824707,10.7666664123535,2343,294,101,31.2060546875,733,333,667,429
MIcon-SH-SH3S06,Izu islands,SH,SH3,Miscanthus sinensis var. condensatus,Island,34.33617,139.21249,3.83299894188067,17.6291675567627,5.19166660308838,24.4889945983887,561.331481933594,28.3999996185303,7.19999980926514,21.2000007629395,23.3333339691162,11.2666664123535,24.783332824707,10.7666664123535,2343,294,101,31.2060546875,733,333,667,429
MIcon-SH-SH3S07,Izu islands,SH,SH3,Miscanthus sinensis var. condensatus,Island,34.33617,139.21249,3.83299894188067,17.6291675567627,5.19166660308838,24.4889945983887,561.331481933594,28.3999996185303,7.19999980926514,21.2000007629395,23.3333339691162,11.2666664123535,24.783332824707,10.7666664123535,2343,294,101,31.2060546875,733,333,667,429
MIcon-SH-SH3S08,Izu islands,SH,SH3,Miscanthus sinensis var. condensatus,Island,34.33617,139.21249,3.83299894188067,17.6291675567627,5.19166660308838,24.4889945983887,561.331481933594,28.3999996185303,7.19999980926514,21.2000007629395,23.3333339691162,11.2666664123535,24.783332824707,10.7666664123535,2343,294,101,31.2060546875,733,333,667,429
MIcon-OSH-OSH08S02,Izu islands,OSH,OSH8,Miscanthus sinensis var. condensatus,Island,34.796637,139.361347,0.0383936784426647,16.0187501907349,6.28749990463257,25.4554662704468,646.986846923828,28.3999996185303,3.70000004768372,24.6999988555908,22.283332824707,8.34999990463257,24.1500005722046,8.2083330154419,2004.5,251,80,33.1862487792969,643.5,267.5,598.5,355.5
MIcon-MIY-MIY13S01,Izu islands,MIY,MIY13,Miscanthus sinensis var. condensatus,Island,34.078214,139.475521,1.40912586557803,17.3291664123535,6.44166660308838,27.2951984405518,619.899047851562,28.8999996185303,5.30000019073486,23.5999984741211,20.033332824707,9.85000038146973,25.0499992370605,9.80000019073486,2747,325,135,28.6127166748047,868,432,730,531
MIcon-MIY-MIY13S02,Izu islands,MIY,MIY13,Miscanthus sinensis var. condensatus,Island,34.078214,139.475521,1.40912586557803,17.3291664123535,6.44166660308838,27.2951984405518,619.899047851562,28.8999996185303,5.30000019073486,23.5999984741211,20.033332824707,9.85000038146973,25.0499992370605,9.80000019073486,2747,325,135,28.6127166748047,868,432,730,531
MIcon-MIY-MIY13S03,Izu islands,MIY,MIY13,Miscanthus sinensis var. condensatus,Island,34.078214,139.475521,1.40912586557803,17.3291664123535,6.44166660308838,27.2951984405518,619.899047851562,28.8999996185303,5.30000019073486,23.5999984741211,20.033332824707,9.85000038146973,25.0499992370605,9.80000019073486,2747,325,135,28.6127166748047,868,432,730,531
MIcon-MIY-MIY13S04,Izu islands,MIY,MIY13,Miscanthus sinensis var. condensatus,Island,34.078214,139.475521,1.40912586557803,17.3291664123535,6.44166660308838,27.2951984405518,619.899047851562,28.8999996185303,5.30000019073486,23.5999984741211,20.033332824707,9.85000038146973,25.0499992370605,9.80000019073486,2747,325,135,28.6127166748047,868,432,730,531
MIcon-MIY-MIY13S05,Izu islands,MIY,MIY13,Miscanthus sinensis var. condensatus,Island,34.078214,139.475521,1.40912586557803,17.3291664123535,6.44166660308838,27.2951984405518,619.899047851562,28.8999996185303,5.30000019073486,23.5999984741211,20.033332824707,9.85000038146973,25.0499992370605,9.80000019073486,2747,325,135,28.6127166748047,868,432,730,531
MIcon-MIY-MIY13S06,Izu islands,MIY,MIY13,Miscanthus sinensis var. condensatus,Island,34.078214,139.475521,1.40912586557803,17.3291664123535,6.44166660308838,27.2951984405518,619.899047851562,28.8999996185303,5.30000019073486,23.5999984741211,20.033332824707,9.85000038146973,25.0499992370605,9.80000019073486,2747,325,135,28.6127166748047,868,432,730,531
MIcon-MIY-MIY13S07,Izu islands,MIY,MIY13,Miscanthus sinensis var. condensatus,Island,34.078214,139.475521,1.40912586557803,17.3291664123535,6.44166660308838,27.2951984405518,619.899047851562,28.8999996185303,5.30000019073486,23.5999984741211,20.033332824707,9.85000038146973,25.0499992370605,9.80000019073486,2747,325,135,28.6127166748047,868,432,730,531
MIcon-MIY-MIY13S08,Izu islands,MIY,MIY13,Miscanthus sinensis var. condensatus,Island,34.078214,139.475521,1.40912586557803,17.3291664123535,6.44166660308838,27.2951984405518,619.899047851562,28.8999996185303,5.30000019073486,23.5999984741211,20.033332824707,9.85000038146973,25.0499992370605,9.80000019073486,2747,325,135,28.6127166748047,868,432,730,531
MIsin-BOS-BOS11S01,Boso Peninsula,BOS,BOS11,Miscanthus sinensis var. condensatus,Seashore,35.617128,140.542816,0.467187914641835,15.0583333969116,7.5166666507721,26.6074914932251,735.279998779297,28.7000007629395,0.450000002980232,28.2500009536743,22.1499996185303,6,24.1166667938232,6,1479.5,202,58,37.4234752655029,519.5,194,450,194
MIsin-BOS-BOS11S02,Boso Peninsula,BOS,BOS11,Miscanthus sinensis var. condensatus,Seashore,35.617128,140.542816,0.467187914641835,15.0583333969116,7.5166666507721,26.6074914932251,735.279998779297,28.7000007629395,0.450000002980232,28.2500009536743,22.1499996185303,6,24.1166667938232,6,1479.5,202,58,37.4234752655029,519.5,194,450,194
MIsin-BOS-BOS11S03,Boso Peninsula,BOS,BOS11,Miscanthus sinensis var. condensatus,Seashore,35.617128,140.542816,0.467187914641835,15.0583333969116,7.5166666507721,26.6074914932251,735.279998779297,28.7000007629395,0.450000002980232,28.2500009536743,22.1499996185303,6,24.1166667938232,6,1479.5,202,58,37.4234752655029,519.5,194,450,194
MIsin-BOS-BOS11S04,Boso Peninsula,BOS,BOS11,Miscanthus sinensis var. condensatus,Seashore,35.617128,140.542816,0.467187914641835,15.0583333969116,7.5166666507721,26.6074914932251,735.279998779297,28.7000007629395,0.450000002980232,28.2500009536743,22.1499996185303,6,24.1166667938232,6,1479.5,202,58,37.4234752655029,519.5,194,450,194
MIsin-BOS-BOS11S05,Boso Peninsula,BOS,BOS11,Miscanthus sinensis var. condensatus,Seashore,35.617128,140.542816,0.467187914641835,15.0583333969116,7.5166666507721,26.6074914932251,735.279998779297,28.7000007629395,0.450000002980232,28.2500009536743,22.1499996185303,6,24.1166667938232,6,1479.5,202,58,37.4234752655029,519.5,194,450,194
MIsin-BOS-BOS11S06,Boso Peninsula,BOS,BOS11,Miscanthus sinensis var. condensatus,Seashore,35.617128,140.542816,0.467187914641835,15.0583333969116,7.5166666507721,26.6074914932251,735.279998779297,28.7000007629395,0.450000002980232,28.2500009536743,22.1499996185303,6,24.1166667938232,6,1479.5,202,58,37.4234752655029,519.5,194,450,194
MIsin-BOS-BOS11S07,Boso Peninsula,BOS,BOS11,Miscanthus sinensis var. condensatus,Seashore,35.617128,140.542816,0.467187914641835,15.0583333969116,7.5166666507721,26.6074914932251,735.279998779297,28.7000007629395,0.450000002980232,28.2500009536743,22.1499996185303,6,24.1166667938232,6,1479.5,202,58,37.4234752655029,519.5,194,450,194
MIsin-BOS-BOS11S08,Boso Peninsula,BOS,BOS11,Miscanthus sinensis var. condensatus,Seashore,35.617128,140.542816,0.467187914641835,15.0583333969116,7.5166666507721,26.6074914932251,735.279998779297,28.7000007629395,0.450000002980232,28.2500009536743,22.1499996185303,6,24.1166667938232,6,1479.5,202,58,37.4234752655029,519.5,194,450,194
MIsin-FUJ-FUJ02S04-2,Inland,FUJ,FUJ2,Miscanthus sinensis var. sinensis,Inland,35.503611,138.700278,40.4579773465281,10.5104167461395,10.1749999523163,31.6733679771423,792.735076904297,26.3499999046326,-5.77499997615814,32.1250004768372,20.2250003814697,0.916666723787785,20.2250003814697,0.916666723787785,1574,246.75,37,54.9882612228394,657.25,135.75,657.25,135.75
MIcon-OSH-OSH05S01,Izu islands,OSH,OSH5,Miscanthus sinensis var. condensatus,Island,34.79081667,139.3556667,0.0142369095026257,15.977778116862,6.38333336512248,25.704257329305,653.436747233073,28.4333330790202,3.59999998410543,24.8333326975505,22.2944444020589,8.20555559794108,24.1944446563721,8.11666679382324,2009,250.666666666667,80.3333333333333,33.0573120117188,644.333333333333,269,600.666666666667,356.666666666667
